../Signals/full_dataset/bacillus_anthracis_reference_DeepSimu\fast5/signal_0_a4756fd6-b3f7-4027-a293-cb65225769fc.fast5,bacillus_anthracis
../Signals/full_dataset/bacillus_anthracis_reference_DeepSimu\fast5/signal_10_0f66a8fe-1374-4f35-a3e9-bd78e5d826aa.fast5,bacillus_anthracis
../Signals/full_dataset/bacillus_anthracis_reference_DeepSimu\fast5/signal_11_9f3cdea3-02e4-468f-bccc-fe3d72414d6e.fast5,bacillus_anthracis
../Signals/full_dataset/bacillus_anthracis_reference_DeepSimu\fast5/signal_12_89b6947e-aac6-487d-848f-82717fcf9887.fast5,bacillus_anthracis
../Signals/full_dataset/bacillus_anthracis_reference_DeepSimu\fast5/signal_13_20a21610-3452-4571-ba7a-a0f5715ef204.fast5,bacillus_anthracis
../Signals/full_dataset/bacillus_anthracis_reference_DeepSimu\fast5/signal_14_45acfce6-6559-4e9f-9b36-1cc4058e42aa.fast5,bacillus_anthracis
../Signals/full_dataset/bacillus_anthracis_reference_DeepSimu\fast5/signal_15_46178e18-fe2b-46ce-afda-c4cd51134945.fast5,bacillus_anthracis
../Signals/full_dataset/bacillus_anthracis_reference_DeepSimu\fast5/signal_16_e701c882-1651-4d33-b519-f37ccc298339.fast5,bacillus_anthracis
../Signals/full_dataset/bacillus_anthracis_reference_DeepSimu\fast5/signal_17_f1133b1d-2dd4-4acf-af6c-e083564ef306.fast5,bacillus_anthracis
../Signals/full_dataset/bacillus_anthracis_reference_DeepSimu\fast5/signal_18_e41420df-db45-441f-a7cf-fa1ed23a6225.fast5,bacillus_anthracis
../Signals/full_dataset/bacillus_anthracis_reference_DeepSimu\fast5/signal_19_e31b631a-4bf3-4743-bf25-36121d04db0e.fast5,bacillus_anthracis
../Signals/full_dataset/bacillus_anthracis_reference_DeepSimu\fast5/signal_1_5ebe3476-1c10-4b70-bfd0-cf2bd70208e7.fast5,bacillus_anthracis
../Signals/full_dataset/bacillus_anthracis_reference_DeepSimu\fast5/signal_20_f2319361-a00f-4941-8151-ae8473c14708.fast5,bacillus_anthracis
../Signals/full_dataset/bacillus_anthracis_reference_DeepSimu\fast5/signal_21_68262900-fadd-4cc5-9031-3d34b165793e.fast5,bacillus_anthracis
../Signals/full_dataset/bacillus_anthracis_reference_DeepSimu\fast5/signal_22_7a6993cb-a680-4873-9792-2ef3e47d7439.fast5,bacillus_anthracis
../Signals/full_dataset/bacillus_anthracis_reference_DeepSimu\fast5/signal_23_beda1ab0-4199-4fa0-9012-d92490ac366d.fast5,bacillus_anthracis
../Signals/full_dataset/bacillus_anthracis_reference_DeepSimu\fast5/signal_24_7b95e7e9-d39a-4fa6-afeb-57b4a72a7050.fast5,bacillus_anthracis
../Signals/full_dataset/bacillus_anthracis_reference_DeepSimu\fast5/signal_25_aed1bf23-1b8d-4caa-aaae-b91d8a160700.fast5,bacillus_anthracis
../Signals/full_dataset/bacillus_anthracis_reference_DeepSimu\fast5/signal_26_7143768f-6e7a-4429-a8b0-e57dba94470a.fast5,bacillus_anthracis
../Signals/full_dataset/bacillus_anthracis_reference_DeepSimu\fast5/signal_27_58daee16-d67c-4772-b0db-b9fecfca0ed8.fast5,bacillus_anthracis
../Signals/full_dataset/bacillus_anthracis_reference_DeepSimu\fast5/signal_28_eef369d9-e751-4f9a-bbb8-485210ac3c48.fast5,bacillus_anthracis
../Signals/full_dataset/bacillus_anthracis_reference_DeepSimu\fast5/signal_29_43c5667a-2a04-4fce-9aaf-5537e80b4fc0.fast5,bacillus_anthracis
../Signals/full_dataset/bacillus_anthracis_reference_DeepSimu\fast5/signal_2_e8bbc9aa-5504-4ce2-acec-fa62595ba140.fast5,bacillus_anthracis
../Signals/full_dataset/bacillus_anthracis_reference_DeepSimu\fast5/signal_30_c1f94677-4d0f-48d9-b140-899332fc00bf.fast5,bacillus_anthracis
../Signals/full_dataset/bacillus_anthracis_reference_DeepSimu\fast5/signal_31_3473cb79-3a71-46de-9bb1-e385a1ead2ee.fast5,bacillus_anthracis
../Signals/full_dataset/bacillus_anthracis_reference_DeepSimu\fast5/signal_32_c8167058-4072-46ae-b691-6810dc0e07a5.fast5,bacillus_anthracis
../Signals/full_dataset/bacillus_anthracis_reference_DeepSimu\fast5/signal_33_305233fe-dd31-40d7-8613-b84f1fea5952.fast5,bacillus_anthracis
../Signals/full_dataset/bacillus_anthracis_reference_DeepSimu\fast5/signal_34_898bf7b5-d1ae-4fea-ad21-7fac6749ffed.fast5,bacillus_anthracis
../Signals/full_dataset/bacillus_anthracis_reference_DeepSimu\fast5/signal_35_d2c4128e-04d6-4792-a68d-1ce95804f3a1.fast5,bacillus_anthracis
../Signals/full_dataset/bacillus_anthracis_reference_DeepSimu\fast5/signal_36_b7902164-a799-4551-a40b-674b0c08a443.fast5,bacillus_anthracis
../Signals/full_dataset/bacillus_anthracis_reference_DeepSimu\fast5/signal_37_b709da77-3437-437c-832d-e0885efcad1b.fast5,bacillus_anthracis
../Signals/full_dataset/bacillus_anthracis_reference_DeepSimu\fast5/signal_38_a92229a2-f114-4288-97dd-4adfe9c4d651.fast5,bacillus_anthracis
../Signals/full_dataset/bacillus_anthracis_reference_DeepSimu\fast5/signal_39_69baf9dd-8fec-4fcc-8bbe-a77430082887.fast5,bacillus_anthracis
../Signals/full_dataset/bacillus_anthracis_reference_DeepSimu\fast5/signal_3_898def74-c3e0-4648-9683-6c4745a4d358.fast5,bacillus_anthracis
../Signals/full_dataset/bacillus_anthracis_reference_DeepSimu\fast5/signal_40_a48cf0ba-7b50-472a-ad53-0be37349f120.fast5,bacillus_anthracis
../Signals/full_dataset/bacillus_anthracis_reference_DeepSimu\fast5/signal_41_9c54e926-f0c8-4961-86ec-ffe978427cad.fast5,bacillus_anthracis
../Signals/full_dataset/bacillus_anthracis_reference_DeepSimu\fast5/signal_42_2752bc4c-31a9-481e-8595-f8469d67a122.fast5,bacillus_anthracis
../Signals/full_dataset/bacillus_anthracis_reference_DeepSimu\fast5/signal_43_8c937b44-d507-461b-a67c-b622874cb848.fast5,bacillus_anthracis
../Signals/full_dataset/bacillus_anthracis_reference_DeepSimu\fast5/signal_44_6932e6a7-0e3e-42e1-aa6e-1e7b7b527c72.fast5,bacillus_anthracis
../Signals/full_dataset/bacillus_anthracis_reference_DeepSimu\fast5/signal_45_9a143d59-0581-422c-967a-4f014f54959b.fast5,bacillus_anthracis
../Signals/full_dataset/bacillus_anthracis_reference_DeepSimu\fast5/signal_46_6a7611cd-e92d-422a-a972-96795ba67c06.fast5,bacillus_anthracis
../Signals/full_dataset/bacillus_anthracis_reference_DeepSimu\fast5/signal_47_9f3bb856-383c-474a-958e-df95bbb13554.fast5,bacillus_anthracis
../Signals/full_dataset/bacillus_anthracis_reference_DeepSimu\fast5/signal_48_d0f60036-428d-455e-b151-2ca9c27dca10.fast5,bacillus_anthracis
../Signals/full_dataset/bacillus_anthracis_reference_DeepSimu\fast5/signal_49_5175bdc4-3aa2-411c-9575-49606f6d788d.fast5,bacillus_anthracis
../Signals/full_dataset/bacillus_anthracis_reference_DeepSimu\fast5/signal_4_f7dbbb99-b367-429f-ad49-0456f83f4909.fast5,bacillus_anthracis
../Signals/full_dataset/bacillus_anthracis_reference_DeepSimu\fast5/signal_50_9a971273-1b43-4cb2-90ba-8617a7d9c82f.fast5,bacillus_anthracis
../Signals/full_dataset/bacillus_anthracis_reference_DeepSimu\fast5/signal_51_080a12a2-d8f7-4b3a-95fc-ec667698b03f.fast5,bacillus_anthracis
../Signals/full_dataset/bacillus_anthracis_reference_DeepSimu\fast5/signal_52_3ce91d9f-e55f-4732-b5ca-0acda8c579c4.fast5,bacillus_anthracis
../Signals/full_dataset/bacillus_anthracis_reference_DeepSimu\fast5/signal_53_e57587c5-fe40-4107-ae10-a52a7e4a2659.fast5,bacillus_anthracis
../Signals/full_dataset/bacillus_anthracis_reference_DeepSimu\fast5/signal_54_fc87c7ed-cd9a-4610-987d-917bf605d5f2.fast5,bacillus_anthracis
../Signals/full_dataset/bacillus_anthracis_reference_DeepSimu\fast5/signal_55_52333b3a-5691-40b2-882d-ede0a98a3d41.fast5,bacillus_anthracis
../Signals/full_dataset/bacillus_anthracis_reference_DeepSimu\fast5/signal_56_ad267be6-dd9d-4519-854e-1b3f79742534.fast5,bacillus_anthracis
../Signals/full_dataset/bacillus_anthracis_reference_DeepSimu\fast5/signal_57_4d8c5fcf-e577-4984-bab5-d4a507ca5f41.fast5,bacillus_anthracis
../Signals/full_dataset/bacillus_anthracis_reference_DeepSimu\fast5/signal_58_6f9e13fa-4845-44b5-b36c-718fb3d73460.fast5,bacillus_anthracis
../Signals/full_dataset/bacillus_anthracis_reference_DeepSimu\fast5/signal_59_735974db-2283-4ac1-a782-b49d5aa4f4af.fast5,bacillus_anthracis
../Signals/full_dataset/bacillus_anthracis_reference_DeepSimu\fast5/signal_5_56420bb6-34cf-4768-abb2-a81373b3c9ef.fast5,bacillus_anthracis
../Signals/full_dataset/bacillus_anthracis_reference_DeepSimu\fast5/signal_60_ee20b5a6-41ed-4fcc-b970-d91e02caf25e.fast5,bacillus_anthracis
../Signals/full_dataset/bacillus_anthracis_reference_DeepSimu\fast5/signal_61_c12b64f0-5c74-4b01-9cb6-ee85ff16f989.fast5,bacillus_anthracis
../Signals/full_dataset/bacillus_anthracis_reference_DeepSimu\fast5/signal_62_ea58da66-3682-4157-a449-3233c9e81fc4.fast5,bacillus_anthracis
../Signals/full_dataset/bacillus_anthracis_reference_DeepSimu\fast5/signal_63_d410886c-2f41-47d2-a938-eb372cfc3ec9.fast5,bacillus_anthracis
../Signals/full_dataset/bacillus_anthracis_reference_DeepSimu\fast5/signal_64_6ebc4993-337a-4aa9-86a4-16c567cebc10.fast5,bacillus_anthracis
../Signals/full_dataset/bacillus_anthracis_reference_DeepSimu\fast5/signal_65_35e915b8-a875-415a-9bcf-8fb127398285.fast5,bacillus_anthracis
../Signals/full_dataset/bacillus_anthracis_reference_DeepSimu\fast5/signal_66_86eac23c-733f-44ee-b3b8-24bae2be9a46.fast5,bacillus_anthracis
../Signals/full_dataset/bacillus_anthracis_reference_DeepSimu\fast5/signal_67_1063f760-4358-494d-aa9c-b8376e98e437.fast5,bacillus_anthracis
../Signals/full_dataset/bacillus_anthracis_reference_DeepSimu\fast5/signal_68_2a4b3239-5e0a-47fe-af77-8227f2b4e783.fast5,bacillus_anthracis
../Signals/full_dataset/bacillus_anthracis_reference_DeepSimu\fast5/signal_69_2222a42a-798e-425b-973c-885f80d29e97.fast5,bacillus_anthracis
../Signals/full_dataset/bacillus_anthracis_reference_DeepSimu\fast5/signal_6_9e253c0a-707d-4437-b908-44a4b27db56e.fast5,bacillus_anthracis
../Signals/full_dataset/bacillus_anthracis_reference_DeepSimu\fast5/signal_70_b2e61082-3d5f-4753-a1a7-7e5ddfcb124e.fast5,bacillus_anthracis
../Signals/full_dataset/bacillus_anthracis_reference_DeepSimu\fast5/signal_71_92d8cc3d-2c2e-4e7a-980f-5b7ece66ae7e.fast5,bacillus_anthracis
../Signals/full_dataset/bacillus_anthracis_reference_DeepSimu\fast5/signal_72_e44b9be2-7b0f-4d77-95dc-31ae9059c491.fast5,bacillus_anthracis
../Signals/full_dataset/bacillus_anthracis_reference_DeepSimu\fast5/signal_73_8fe2f90f-88cf-4be5-8772-24024bb6e191.fast5,bacillus_anthracis
../Signals/full_dataset/bacillus_anthracis_reference_DeepSimu\fast5/signal_74_7bd359b6-9291-48d6-b8fd-23e2cabf8a24.fast5,bacillus_anthracis
../Signals/full_dataset/bacillus_anthracis_reference_DeepSimu\fast5/signal_75_55c3158f-752a-4ee7-9787-6c059c645a5d.fast5,bacillus_anthracis
../Signals/full_dataset/bacillus_anthracis_reference_DeepSimu\fast5/signal_76_67476a18-5dd3-407e-824a-977602008857.fast5,bacillus_anthracis
../Signals/full_dataset/bacillus_anthracis_reference_DeepSimu\fast5/signal_77_caad718f-6ea9-4c6f-81ca-cc82c4e87fd7.fast5,bacillus_anthracis
../Signals/full_dataset/bacillus_anthracis_reference_DeepSimu\fast5/signal_78_eef115f2-4d44-4b32-843d-1f286a0a3d0c.fast5,bacillus_anthracis
../Signals/full_dataset/bacillus_anthracis_reference_DeepSimu\fast5/signal_79_b59b4643-7a26-42a4-8847-125bb19826b0.fast5,bacillus_anthracis
../Signals/full_dataset/bacillus_anthracis_reference_DeepSimu\fast5/signal_7_d1d40083-8afe-4609-956d-f78b7901c357.fast5,bacillus_anthracis
../Signals/full_dataset/bacillus_anthracis_reference_DeepSimu\fast5/signal_80_6e84a3fa-ccc6-4a09-be34-6a41fd73cab7.fast5,bacillus_anthracis
../Signals/full_dataset/bacillus_anthracis_reference_DeepSimu\fast5/signal_81_77553de0-003a-444f-9101-b166b8373fdc.fast5,bacillus_anthracis
../Signals/full_dataset/bacillus_anthracis_reference_DeepSimu\fast5/signal_82_babfc43e-54fc-4572-bfba-1d4dbab0e500.fast5,bacillus_anthracis
../Signals/full_dataset/bacillus_anthracis_reference_DeepSimu\fast5/signal_83_d0c52d6c-9d31-4e46-a405-9c0c31ce3889.fast5,bacillus_anthracis
../Signals/full_dataset/bacillus_anthracis_reference_DeepSimu\fast5/signal_84_3a83d0fe-7af1-434a-aa82-4a3a98384636.fast5,bacillus_anthracis
../Signals/full_dataset/bacillus_anthracis_reference_DeepSimu\fast5/signal_85_8f5545e9-16f9-4d8c-b43f-94946ca3ef55.fast5,bacillus_anthracis
../Signals/full_dataset/bacillus_anthracis_reference_DeepSimu\fast5/signal_86_760bede1-a8af-4e8e-913d-c971a3283066.fast5,bacillus_anthracis
../Signals/full_dataset/bacillus_anthracis_reference_DeepSimu\fast5/signal_87_6dac1cd0-fbca-4f44-afc6-e179aac59a2a.fast5,bacillus_anthracis
../Signals/full_dataset/bacillus_anthracis_reference_DeepSimu\fast5/signal_88_ba4ff983-746b-4cc5-bda6-d71d94002065.fast5,bacillus_anthracis
../Signals/full_dataset/bacillus_anthracis_reference_DeepSimu\fast5/signal_89_bab890e8-5604-459f-88dd-f02ff35dde2e.fast5,bacillus_anthracis
../Signals/full_dataset/bacillus_anthracis_reference_DeepSimu\fast5/signal_8_f9bdfe42-a444-4bc4-b683-83b6aecd9ca3.fast5,bacillus_anthracis
../Signals/full_dataset/bacillus_anthracis_reference_DeepSimu\fast5/signal_90_83796cd5-1ce0-4a94-b8df-03affc12e0bd.fast5,bacillus_anthracis
../Signals/full_dataset/bacillus_anthracis_reference_DeepSimu\fast5/signal_91_0265f1b3-c861-4194-85b8-8b2e6b14e869.fast5,bacillus_anthracis
../Signals/full_dataset/bacillus_anthracis_reference_DeepSimu\fast5/signal_92_6be14ad4-267b-4781-b14a-a793ebcb4432.fast5,bacillus_anthracis
../Signals/full_dataset/bacillus_anthracis_reference_DeepSimu\fast5/signal_93_1c32c684-4eab-435d-9ac2-da93f5633554.fast5,bacillus_anthracis
../Signals/full_dataset/bacillus_anthracis_reference_DeepSimu\fast5/signal_94_688d0ba4-6e6d-40ad-919b-dc73eeb6dbee.fast5,bacillus_anthracis
../Signals/full_dataset/bacillus_anthracis_reference_DeepSimu\fast5/signal_95_00188e32-0cc6-4fde-b7cf-9c80c434345f.fast5,bacillus_anthracis
../Signals/full_dataset/bacillus_anthracis_reference_DeepSimu\fast5/signal_96_a3403fb1-e477-4975-a0d2-3dd4ad220b8b.fast5,bacillus_anthracis
../Signals/full_dataset/bacillus_anthracis_reference_DeepSimu\fast5/signal_97_c4d6225b-5752-400b-b1ea-d2d5c38817f4.fast5,bacillus_anthracis
../Signals/full_dataset/bacillus_anthracis_reference_DeepSimu\fast5/signal_98_8f3e8f35-bef6-425c-b144-bf34a1bd30d9.fast5,bacillus_anthracis
../Signals/full_dataset/bacillus_anthracis_reference_DeepSimu\fast5/signal_99_6f7f31fe-4402-416e-bab4-8ae745429d6f.fast5,bacillus_anthracis
../Signals/full_dataset/bacillus_anthracis_reference_DeepSimu\fast5/signal_9_045260dc-327b-4707-99d1-01258466607f.fast5,bacillus_anthracis
../Signals/full_dataset/ecoli_reference_DeepSimu\fast5/signal_0_7316ec50-18fa-409f-be64-7190ce3348cf.fast5,ecoli
../Signals/full_dataset/ecoli_reference_DeepSimu\fast5/signal_10_c39d2d47-c5c1-4903-9ba6-a3af58354299.fast5,ecoli
../Signals/full_dataset/ecoli_reference_DeepSimu\fast5/signal_11_9727f63b-9665-420c-a992-5243157fa3c2.fast5,ecoli
../Signals/full_dataset/ecoli_reference_DeepSimu\fast5/signal_12_ed0f9b6f-d066-42b8-a3fe-e1571c16f0b3.fast5,ecoli
../Signals/full_dataset/ecoli_reference_DeepSimu\fast5/signal_13_c1755d7f-1dc8-49e8-96b8-bb7a2e066fcf.fast5,ecoli
../Signals/full_dataset/ecoli_reference_DeepSimu\fast5/signal_14_e1b9dd49-1afe-4453-829a-79794607bcdd.fast5,ecoli
../Signals/full_dataset/ecoli_reference_DeepSimu\fast5/signal_15_3f81a6da-2036-4185-9577-ea8412199005.fast5,ecoli
../Signals/full_dataset/ecoli_reference_DeepSimu\fast5/signal_16_620dcb4a-dbe2-4335-b286-315a7ea8bf9b.fast5,ecoli
../Signals/full_dataset/ecoli_reference_DeepSimu\fast5/signal_17_73fb2206-21b8-42b2-b3cc-8fc94fb849f7.fast5,ecoli
../Signals/full_dataset/ecoli_reference_DeepSimu\fast5/signal_18_cc4e12cd-57ff-4720-b826-7aec2bdb243d.fast5,ecoli
../Signals/full_dataset/ecoli_reference_DeepSimu\fast5/signal_19_09d14c49-f66f-42ca-b1e6-84bb4fc03be1.fast5,ecoli
../Signals/full_dataset/ecoli_reference_DeepSimu\fast5/signal_1_1aec32b1-ebde-4960-b2ef-d2348df5f476.fast5,ecoli
../Signals/full_dataset/ecoli_reference_DeepSimu\fast5/signal_20_e9b09e9a-f159-451d-89ad-b69546e4dd5e.fast5,ecoli
../Signals/full_dataset/ecoli_reference_DeepSimu\fast5/signal_21_4fb0e493-58fb-47b3-81dc-c902420c2467.fast5,ecoli
../Signals/full_dataset/ecoli_reference_DeepSimu\fast5/signal_22_357296ec-220a-466f-9bf0-c9ef674b9903.fast5,ecoli
../Signals/full_dataset/ecoli_reference_DeepSimu\fast5/signal_23_7ac27d63-c1b3-45c4-9532-5767c0854395.fast5,ecoli
../Signals/full_dataset/ecoli_reference_DeepSimu\fast5/signal_24_d3114044-a696-4346-9834-44a64dbea16a.fast5,ecoli
../Signals/full_dataset/ecoli_reference_DeepSimu\fast5/signal_25_09e0bbb0-e01e-4a28-a289-2d98c95d50d7.fast5,ecoli
../Signals/full_dataset/ecoli_reference_DeepSimu\fast5/signal_26_0e813f3c-4a6d-4eea-8186-1a15a450cd8d.fast5,ecoli
../Signals/full_dataset/ecoli_reference_DeepSimu\fast5/signal_27_6c0a2248-3af2-4dc0-90c0-cc11c9bd3545.fast5,ecoli
../Signals/full_dataset/ecoli_reference_DeepSimu\fast5/signal_28_61a5bf0b-3879-4747-8496-3b92db249d28.fast5,ecoli
../Signals/full_dataset/ecoli_reference_DeepSimu\fast5/signal_29_1c3c9319-08d3-4c4a-a1dc-98e29652bb2c.fast5,ecoli
../Signals/full_dataset/ecoli_reference_DeepSimu\fast5/signal_2_9cac794d-c310-49ab-a6cb-d81c4968b907.fast5,ecoli
../Signals/full_dataset/ecoli_reference_DeepSimu\fast5/signal_30_e5812ee6-f130-4af8-9bbe-d07adfd19de2.fast5,ecoli
../Signals/full_dataset/ecoli_reference_DeepSimu\fast5/signal_31_8eeb5274-293c-4655-95b8-e64dd8178ca8.fast5,ecoli
../Signals/full_dataset/ecoli_reference_DeepSimu\fast5/signal_32_dfe1b6a6-7710-46d4-8e7e-4b1bc133d539.fast5,ecoli
../Signals/full_dataset/ecoli_reference_DeepSimu\fast5/signal_33_87b49ca8-23ed-441f-b9a0-ce767216061f.fast5,ecoli
../Signals/full_dataset/ecoli_reference_DeepSimu\fast5/signal_34_554395a8-81a3-4785-9b71-e433ab0cd93d.fast5,ecoli
../Signals/full_dataset/ecoli_reference_DeepSimu\fast5/signal_35_1d8fcb60-1f86-4ff1-a70b-63c0efc55eab.fast5,ecoli
../Signals/full_dataset/ecoli_reference_DeepSimu\fast5/signal_36_9d352088-eb86-4a30-97eb-daec7a0cd5b9.fast5,ecoli
../Signals/full_dataset/ecoli_reference_DeepSimu\fast5/signal_37_4de90ca2-043e-42a8-bb17-fe8694e2d010.fast5,ecoli
../Signals/full_dataset/ecoli_reference_DeepSimu\fast5/signal_38_05c4028f-ceb6-4917-8d02-f7e66bd90c51.fast5,ecoli
../Signals/full_dataset/ecoli_reference_DeepSimu\fast5/signal_39_fcfb9fc7-105f-4b29-b457-09def1bb986a.fast5,ecoli
../Signals/full_dataset/ecoli_reference_DeepSimu\fast5/signal_3_7605d430-5f18-46fb-8a2d-3456e5b6fd3a.fast5,ecoli
../Signals/full_dataset/ecoli_reference_DeepSimu\fast5/signal_40_df58d772-f80c-49bf-a7ff-80145786f157.fast5,ecoli
../Signals/full_dataset/ecoli_reference_DeepSimu\fast5/signal_41_21989044-fda5-43ec-87f4-4c09a387a7b0.fast5,ecoli
../Signals/full_dataset/ecoli_reference_DeepSimu\fast5/signal_42_36eedbe4-dd5f-4e42-8a84-a4f9aba0c4d7.fast5,ecoli
../Signals/full_dataset/ecoli_reference_DeepSimu\fast5/signal_43_1c7abb9a-d385-45e8-a281-4d67b5fe8c06.fast5,ecoli
../Signals/full_dataset/ecoli_reference_DeepSimu\fast5/signal_44_a23620e5-d4d6-4807-9924-eb528c06ce00.fast5,ecoli
../Signals/full_dataset/ecoli_reference_DeepSimu\fast5/signal_45_09b15c33-f497-47af-b990-5ffe2c98a8f5.fast5,ecoli
../Signals/full_dataset/ecoli_reference_DeepSimu\fast5/signal_46_cb5cfafe-68eb-4652-a14c-a39b269e3f36.fast5,ecoli
../Signals/full_dataset/ecoli_reference_DeepSimu\fast5/signal_47_8fbb29cf-e9fc-4c14-a112-61efadb2a8d2.fast5,ecoli
../Signals/full_dataset/ecoli_reference_DeepSimu\fast5/signal_48_d23b9b50-f366-43c8-be4b-5f2419df3c07.fast5,ecoli
../Signals/full_dataset/ecoli_reference_DeepSimu\fast5/signal_49_3bedc9f1-906c-408b-bc47-7a794b381dab.fast5,ecoli
../Signals/full_dataset/ecoli_reference_DeepSimu\fast5/signal_4_728a3868-296b-4608-9ca0-a9c1f9425eaf.fast5,ecoli
../Signals/full_dataset/ecoli_reference_DeepSimu\fast5/signal_50_666830ae-d306-4e83-b4a0-b14b124b29de.fast5,ecoli
../Signals/full_dataset/ecoli_reference_DeepSimu\fast5/signal_51_5b16e3e4-fb42-4c29-a627-624cbcb7a717.fast5,ecoli
../Signals/full_dataset/ecoli_reference_DeepSimu\fast5/signal_52_8921d864-ba04-4ccd-998a-5942b41077a2.fast5,ecoli
../Signals/full_dataset/ecoli_reference_DeepSimu\fast5/signal_53_5f95a58d-3de6-455d-880f-6c60c5537419.fast5,ecoli
../Signals/full_dataset/ecoli_reference_DeepSimu\fast5/signal_54_d5a32981-803d-4d74-8e96-9d5a2ad48e02.fast5,ecoli
../Signals/full_dataset/ecoli_reference_DeepSimu\fast5/signal_55_b6fbd226-6622-4287-a494-dc6dd2c631e7.fast5,ecoli
../Signals/full_dataset/ecoli_reference_DeepSimu\fast5/signal_56_abe8ee4d-5f56-45aa-852f-ae12d3ed1d86.fast5,ecoli
../Signals/full_dataset/ecoli_reference_DeepSimu\fast5/signal_57_3f480aa6-9d13-4915-8c1a-63bcb136e300.fast5,ecoli
../Signals/full_dataset/ecoli_reference_DeepSimu\fast5/signal_58_c6ffcaf4-0571-4844-9727-cd36efbd918e.fast5,ecoli
../Signals/full_dataset/ecoli_reference_DeepSimu\fast5/signal_59_036d7a18-5983-4d55-bf07-78a9079e2772.fast5,ecoli
../Signals/full_dataset/ecoli_reference_DeepSimu\fast5/signal_5_a5d25be3-7e3a-4ad9-a921-1b69674ee26a.fast5,ecoli
../Signals/full_dataset/ecoli_reference_DeepSimu\fast5/signal_60_71238aad-3459-4da6-96e9-71230df72e7f.fast5,ecoli
../Signals/full_dataset/ecoli_reference_DeepSimu\fast5/signal_61_f1de4d33-5c48-4824-869c-6ff003476e06.fast5,ecoli
../Signals/full_dataset/ecoli_reference_DeepSimu\fast5/signal_62_87e9989f-4a90-4d6c-9f2b-8f92e08aa8ce.fast5,ecoli
../Signals/full_dataset/ecoli_reference_DeepSimu\fast5/signal_63_5ad0f2e8-345d-435a-a5ac-1a4e0b4b06a6.fast5,ecoli
../Signals/full_dataset/ecoli_reference_DeepSimu\fast5/signal_64_67ba30fb-c46e-4a71-a242-4f893d8ca4f0.fast5,ecoli
../Signals/full_dataset/ecoli_reference_DeepSimu\fast5/signal_65_19985117-3374-4d46-8c8e-69da57201bbc.fast5,ecoli
../Signals/full_dataset/ecoli_reference_DeepSimu\fast5/signal_66_4c616100-ab50-451a-9aa0-781c46dc3d7c.fast5,ecoli
../Signals/full_dataset/ecoli_reference_DeepSimu\fast5/signal_67_af816c47-70d4-43d3-a72a-77577d6fd875.fast5,ecoli
../Signals/full_dataset/ecoli_reference_DeepSimu\fast5/signal_68_f5f0d441-245f-453f-a7a6-4b52d36e96d5.fast5,ecoli
../Signals/full_dataset/ecoli_reference_DeepSimu\fast5/signal_69_192d029e-6698-44e0-bcb1-9bfbfaed2b01.fast5,ecoli
../Signals/full_dataset/ecoli_reference_DeepSimu\fast5/signal_6_fda9524e-5789-4fde-8719-1397b3a8d28f.fast5,ecoli
../Signals/full_dataset/ecoli_reference_DeepSimu\fast5/signal_70_88159bbc-aad1-4388-adce-efc1b3671d10.fast5,ecoli
../Signals/full_dataset/ecoli_reference_DeepSimu\fast5/signal_71_874597d2-fbe3-4755-b204-274edb3eb403.fast5,ecoli
../Signals/full_dataset/ecoli_reference_DeepSimu\fast5/signal_72_0ca40bc6-0727-45d6-81e3-06cda25c8761.fast5,ecoli
../Signals/full_dataset/ecoli_reference_DeepSimu\fast5/signal_73_13af0433-9d1e-41c5-9cbd-f48cc526f184.fast5,ecoli
../Signals/full_dataset/ecoli_reference_DeepSimu\fast5/signal_74_5897b710-1c1c-41b5-93c4-786e89b43817.fast5,ecoli
../Signals/full_dataset/ecoli_reference_DeepSimu\fast5/signal_75_a7c845f5-8a47-40fb-9a0a-46a37e92f10e.fast5,ecoli
../Signals/full_dataset/ecoli_reference_DeepSimu\fast5/signal_76_207ecab7-08c8-4217-a127-cc32af550208.fast5,ecoli
../Signals/full_dataset/ecoli_reference_DeepSimu\fast5/signal_77_d1c18c03-f77d-4b84-bf00-abe19b504822.fast5,ecoli
../Signals/full_dataset/ecoli_reference_DeepSimu\fast5/signal_78_234b2c94-b2a9-4dbe-8951-9579cf690d85.fast5,ecoli
../Signals/full_dataset/ecoli_reference_DeepSimu\fast5/signal_79_4b052676-3bb0-4298-8438-1ddfeaeece68.fast5,ecoli
../Signals/full_dataset/ecoli_reference_DeepSimu\fast5/signal_7_b6ab5b74-c57e-4f14-90d4-e81d9fa29bdf.fast5,ecoli
../Signals/full_dataset/ecoli_reference_DeepSimu\fast5/signal_80_11040785-2dd1-4c4a-b16e-3eebfc920024.fast5,ecoli
../Signals/full_dataset/ecoli_reference_DeepSimu\fast5/signal_81_b78fb7bf-74ca-4656-95f3-9d3490724bec.fast5,ecoli
../Signals/full_dataset/ecoli_reference_DeepSimu\fast5/signal_82_39991329-89a7-4745-9523-9c22b1a5f26f.fast5,ecoli
../Signals/full_dataset/ecoli_reference_DeepSimu\fast5/signal_83_39611947-97c8-4252-ba01-c3fb79e5e0a4.fast5,ecoli
../Signals/full_dataset/ecoli_reference_DeepSimu\fast5/signal_84_7e5b26d7-c621-4157-ab5c-5ef65f6f75eb.fast5,ecoli
../Signals/full_dataset/ecoli_reference_DeepSimu\fast5/signal_85_e78b54a9-51db-4b10-9932-856f266826eb.fast5,ecoli
../Signals/full_dataset/ecoli_reference_DeepSimu\fast5/signal_86_68ae1abf-9647-495a-90c9-866c1b36e86a.fast5,ecoli
../Signals/full_dataset/ecoli_reference_DeepSimu\fast5/signal_87_225ebcc8-5a84-4f4a-a1e7-5d67428fcf23.fast5,ecoli
../Signals/full_dataset/ecoli_reference_DeepSimu\fast5/signal_88_6886d479-21d9-45a0-92b6-f1c29bc9e95a.fast5,ecoli
../Signals/full_dataset/ecoli_reference_DeepSimu\fast5/signal_89_3bacfdb3-734e-4aa9-8b08-4c523200614a.fast5,ecoli
../Signals/full_dataset/ecoli_reference_DeepSimu\fast5/signal_8_75ecd30f-8a87-478b-8da1-61344e3e261a.fast5,ecoli
../Signals/full_dataset/ecoli_reference_DeepSimu\fast5/signal_90_c5f5e7d6-dcbb-4ff5-83a9-e4e0b9b5f03a.fast5,ecoli
../Signals/full_dataset/ecoli_reference_DeepSimu\fast5/signal_91_d8785266-b8b1-400a-837d-840276070fc1.fast5,ecoli
../Signals/full_dataset/ecoli_reference_DeepSimu\fast5/signal_92_8ef57ba0-8267-42b7-aa6d-d8847d42f93e.fast5,ecoli
../Signals/full_dataset/ecoli_reference_DeepSimu\fast5/signal_93_4a4c400c-30c1-4d83-92a7-03f48c4a439f.fast5,ecoli
../Signals/full_dataset/ecoli_reference_DeepSimu\fast5/signal_94_311b90a4-2f29-485d-a5bd-40bf9144619f.fast5,ecoli
../Signals/full_dataset/ecoli_reference_DeepSimu\fast5/signal_95_9fcb98af-dc94-4b58-9387-4e52dca42032.fast5,ecoli
../Signals/full_dataset/ecoli_reference_DeepSimu\fast5/signal_96_20643f89-b2a7-4021-bd00-1438f64e9f58.fast5,ecoli
../Signals/full_dataset/ecoli_reference_DeepSimu\fast5/signal_97_14c894df-cd11-4744-b258-3046fa26967f.fast5,ecoli
../Signals/full_dataset/ecoli_reference_DeepSimu\fast5/signal_98_e475c79b-18c0-44bf-a118-dae25257ae6d.fast5,ecoli
../Signals/full_dataset/ecoli_reference_DeepSimu\fast5/signal_99_219ce9c9-685b-4a17-bdaa-c3763adfe6fc.fast5,ecoli
../Signals/full_dataset/ecoli_reference_DeepSimu\fast5/signal_9_3403328b-d54d-4e22-b64f-88da77f3302f.fast5,ecoli
../Signals/full_dataset/klebsiella_pneumoniae_reference_DeepSimu\fast5/signal_0_43ac42c9-ffac-4501-a917-6b86a6925f9b.fast5,klebsiella_pneumoniae
../Signals/full_dataset/klebsiella_pneumoniae_reference_DeepSimu\fast5/signal_100_988b069e-35de-4321-b135-0d91dd3b2aa8.fast5,klebsiella_pneumoniae
../Signals/full_dataset/klebsiella_pneumoniae_reference_DeepSimu\fast5/signal_101_5401f625-5744-473f-8c24-4acef1a563e4.fast5,klebsiella_pneumoniae
../Signals/full_dataset/klebsiella_pneumoniae_reference_DeepSimu\fast5/signal_102_db6356eb-e072-4bfe-843f-cf13f5b339a2.fast5,klebsiella_pneumoniae
../Signals/full_dataset/klebsiella_pneumoniae_reference_DeepSimu\fast5/signal_103_989e35ef-18c6-428c-b943-535efb396993.fast5,klebsiella_pneumoniae
../Signals/full_dataset/klebsiella_pneumoniae_reference_DeepSimu\fast5/signal_104_6d69a021-181c-463e-a5b6-5a9e6762d7d0.fast5,klebsiella_pneumoniae
../Signals/full_dataset/klebsiella_pneumoniae_reference_DeepSimu\fast5/signal_105_3dcd9c5c-6ceb-4c67-be21-4ff16c80afaa.fast5,klebsiella_pneumoniae
../Signals/full_dataset/klebsiella_pneumoniae_reference_DeepSimu\fast5/signal_106_abbc5299-8f5e-4db4-9aa5-82a5d766d615.fast5,klebsiella_pneumoniae
../Signals/full_dataset/klebsiella_pneumoniae_reference_DeepSimu\fast5/signal_107_d27828f0-8e21-4fcf-a549-08a371b97c07.fast5,klebsiella_pneumoniae
../Signals/full_dataset/klebsiella_pneumoniae_reference_DeepSimu\fast5/signal_108_cd19e48d-9984-4ef7-a578-6242185475cc.fast5,klebsiella_pneumoniae
../Signals/full_dataset/klebsiella_pneumoniae_reference_DeepSimu\fast5/signal_109_baeb87ce-07f7-4c07-8931-61df1155ad63.fast5,klebsiella_pneumoniae
../Signals/full_dataset/klebsiella_pneumoniae_reference_DeepSimu\fast5/signal_10_57a41488-bf3e-4a76-b0f7-df5ce975f366.fast5,klebsiella_pneumoniae
../Signals/full_dataset/klebsiella_pneumoniae_reference_DeepSimu\fast5/signal_110_60845af5-8090-4d98-aba4-6b74cc7bf03b.fast5,klebsiella_pneumoniae
../Signals/full_dataset/klebsiella_pneumoniae_reference_DeepSimu\fast5/signal_111_dfce1c8e-8a8a-40df-8e90-32823ee3a059.fast5,klebsiella_pneumoniae
../Signals/full_dataset/klebsiella_pneumoniae_reference_DeepSimu\fast5/signal_112_747f02f4-17e3-4acd-a2ec-985542d5df21.fast5,klebsiella_pneumoniae
../Signals/full_dataset/klebsiella_pneumoniae_reference_DeepSimu\fast5/signal_113_8744c02a-31f7-4806-be2e-f11bce4466a7.fast5,klebsiella_pneumoniae
../Signals/full_dataset/klebsiella_pneumoniae_reference_DeepSimu\fast5/signal_114_be24d938-385c-4230-8eac-52399999c75c.fast5,klebsiella_pneumoniae
../Signals/full_dataset/klebsiella_pneumoniae_reference_DeepSimu\fast5/signal_115_f3e65a3b-1795-4d13-a4e5-19664bc12fec.fast5,klebsiella_pneumoniae
../Signals/full_dataset/klebsiella_pneumoniae_reference_DeepSimu\fast5/signal_116_e6f74448-111e-4aa9-a978-7044aba6c846.fast5,klebsiella_pneumoniae
../Signals/full_dataset/klebsiella_pneumoniae_reference_DeepSimu\fast5/signal_117_41ca6990-e402-4ece-a04a-561b957b98ec.fast5,klebsiella_pneumoniae
../Signals/full_dataset/klebsiella_pneumoniae_reference_DeepSimu\fast5/signal_118_d614bfc4-5f34-4174-b057-961efde7ba60.fast5,klebsiella_pneumoniae
../Signals/full_dataset/klebsiella_pneumoniae_reference_DeepSimu\fast5/signal_119_8bc6855e-8970-4d57-89b5-ca93a6ef0e74.fast5,klebsiella_pneumoniae
../Signals/full_dataset/klebsiella_pneumoniae_reference_DeepSimu\fast5/signal_11_f593c39f-7220-4957-8822-5d63e4d1f331.fast5,klebsiella_pneumoniae
../Signals/full_dataset/klebsiella_pneumoniae_reference_DeepSimu\fast5/signal_120_42639249-0388-47ef-9264-4dc526b1e9fd.fast5,klebsiella_pneumoniae
../Signals/full_dataset/klebsiella_pneumoniae_reference_DeepSimu\fast5/signal_121_d76211cb-9313-4d5f-a4a4-dc9b4c0f0288.fast5,klebsiella_pneumoniae
../Signals/full_dataset/klebsiella_pneumoniae_reference_DeepSimu\fast5/signal_122_90bb1d0d-ecaf-4652-abbc-50add4333d28.fast5,klebsiella_pneumoniae
../Signals/full_dataset/klebsiella_pneumoniae_reference_DeepSimu\fast5/signal_123_498d60d4-2dc6-47a0-9464-f0a6b29f86cb.fast5,klebsiella_pneumoniae
../Signals/full_dataset/klebsiella_pneumoniae_reference_DeepSimu\fast5/signal_124_6a32db36-7139-4928-9d8a-a19d0043a982.fast5,klebsiella_pneumoniae
../Signals/full_dataset/klebsiella_pneumoniae_reference_DeepSimu\fast5/signal_125_d7b7fb13-9e53-488c-828d-8bbb9c883f05.fast5,klebsiella_pneumoniae
../Signals/full_dataset/klebsiella_pneumoniae_reference_DeepSimu\fast5/signal_126_600edd06-06df-484d-a38f-997eb6b3aca2.fast5,klebsiella_pneumoniae
../Signals/full_dataset/klebsiella_pneumoniae_reference_DeepSimu\fast5/signal_127_8f85cbc9-081d-44fc-a332-4331c7f9fda5.fast5,klebsiella_pneumoniae
../Signals/full_dataset/klebsiella_pneumoniae_reference_DeepSimu\fast5/signal_128_5a98a93c-3125-4c39-b5d8-a3d1064fd413.fast5,klebsiella_pneumoniae
../Signals/full_dataset/klebsiella_pneumoniae_reference_DeepSimu\fast5/signal_129_872be60c-34f0-4115-9006-48cd4f5090ff.fast5,klebsiella_pneumoniae
../Signals/full_dataset/klebsiella_pneumoniae_reference_DeepSimu\fast5/signal_12_072539e4-0431-49fe-9193-de5af012b21d.fast5,klebsiella_pneumoniae
../Signals/full_dataset/klebsiella_pneumoniae_reference_DeepSimu\fast5/signal_130_a91fc663-0beb-4891-9046-fecfe316779d.fast5,klebsiella_pneumoniae
../Signals/full_dataset/klebsiella_pneumoniae_reference_DeepSimu\fast5/signal_131_10086c1c-c17b-4d64-b094-19af483d0722.fast5,klebsiella_pneumoniae
../Signals/full_dataset/klebsiella_pneumoniae_reference_DeepSimu\fast5/signal_132_8f52defc-adee-4778-a6c3-7581b58eab0c.fast5,klebsiella_pneumoniae
../Signals/full_dataset/klebsiella_pneumoniae_reference_DeepSimu\fast5/signal_133_89b20008-c532-46cb-b2ec-4478cf5d6b60.fast5,klebsiella_pneumoniae
../Signals/full_dataset/klebsiella_pneumoniae_reference_DeepSimu\fast5/signal_134_3ad25363-2d07-4f5a-abbc-6eb9a1503ea7.fast5,klebsiella_pneumoniae
../Signals/full_dataset/klebsiella_pneumoniae_reference_DeepSimu\fast5/signal_135_f7926746-f0fd-4f58-817c-338e132f05eb.fast5,klebsiella_pneumoniae
../Signals/full_dataset/klebsiella_pneumoniae_reference_DeepSimu\fast5/signal_136_067db6c8-ee67-4a7d-8944-3480efefe2b3.fast5,klebsiella_pneumoniae
../Signals/full_dataset/klebsiella_pneumoniae_reference_DeepSimu\fast5/signal_137_c53ca42b-8b1e-48fe-8d00-150d1d1a1d55.fast5,klebsiella_pneumoniae
../Signals/full_dataset/klebsiella_pneumoniae_reference_DeepSimu\fast5/signal_138_c99162d0-d59d-4193-84c0-7ad4273c0310.fast5,klebsiella_pneumoniae
../Signals/full_dataset/klebsiella_pneumoniae_reference_DeepSimu\fast5/signal_139_de45066f-5fff-4405-92d6-90ab07763729.fast5,klebsiella_pneumoniae
../Signals/full_dataset/klebsiella_pneumoniae_reference_DeepSimu\fast5/signal_13_1768babc-52d0-4698-a64c-5dc6d25e4f04.fast5,klebsiella_pneumoniae
../Signals/full_dataset/klebsiella_pneumoniae_reference_DeepSimu\fast5/signal_140_6cad7d3c-8131-4152-9ccf-f338dad380ca.fast5,klebsiella_pneumoniae
../Signals/full_dataset/klebsiella_pneumoniae_reference_DeepSimu\fast5/signal_141_dd18f7b5-3eb7-4e68-a455-48b45e03b7d9.fast5,klebsiella_pneumoniae
../Signals/full_dataset/klebsiella_pneumoniae_reference_DeepSimu\fast5/signal_142_325f8a72-d165-4a4b-8fce-598119f9672b.fast5,klebsiella_pneumoniae
../Signals/full_dataset/klebsiella_pneumoniae_reference_DeepSimu\fast5/signal_143_8b31b3fd-af49-4f3a-9ddf-252af5132b9f.fast5,klebsiella_pneumoniae
../Signals/full_dataset/klebsiella_pneumoniae_reference_DeepSimu\fast5/signal_144_6b996ab5-0479-4ee9-8040-09e1efe9ef4b.fast5,klebsiella_pneumoniae
../Signals/full_dataset/klebsiella_pneumoniae_reference_DeepSimu\fast5/signal_145_3a69576f-d8f7-44a2-833e-4b8f317e9f7d.fast5,klebsiella_pneumoniae
../Signals/full_dataset/klebsiella_pneumoniae_reference_DeepSimu\fast5/signal_146_e981c4f7-f988-40c0-a648-4d54c34990b3.fast5,klebsiella_pneumoniae
../Signals/full_dataset/klebsiella_pneumoniae_reference_DeepSimu\fast5/signal_147_7c75fd71-fb0c-4097-83bd-dad7489f7f9a.fast5,klebsiella_pneumoniae
../Signals/full_dataset/klebsiella_pneumoniae_reference_DeepSimu\fast5/signal_148_454d8113-87b4-45e3-b5ca-833f6baa04ca.fast5,klebsiella_pneumoniae
../Signals/full_dataset/klebsiella_pneumoniae_reference_DeepSimu\fast5/signal_149_c3900504-23c8-4b02-8ed2-22226805e78a.fast5,klebsiella_pneumoniae
../Signals/full_dataset/klebsiella_pneumoniae_reference_DeepSimu\fast5/signal_14_a7a8f863-8904-45ec-9ca2-815aaf44af4a.fast5,klebsiella_pneumoniae
../Signals/full_dataset/klebsiella_pneumoniae_reference_DeepSimu\fast5/signal_150_844874f3-7324-4d1f-89b4-dc5e8b422b12.fast5,klebsiella_pneumoniae
../Signals/full_dataset/klebsiella_pneumoniae_reference_DeepSimu\fast5/signal_151_ac477762-066e-4281-82f1-15d40bb1ddc8.fast5,klebsiella_pneumoniae
../Signals/full_dataset/klebsiella_pneumoniae_reference_DeepSimu\fast5/signal_152_353ebf18-c7a1-4a7c-a641-9d4b302b466b.fast5,klebsiella_pneumoniae
../Signals/full_dataset/klebsiella_pneumoniae_reference_DeepSimu\fast5/signal_153_37576050-9f77-4f58-b956-9e761f9e8d20.fast5,klebsiella_pneumoniae
../Signals/full_dataset/klebsiella_pneumoniae_reference_DeepSimu\fast5/signal_154_5dc8b42b-8a67-444c-aff4-849ea8bef169.fast5,klebsiella_pneumoniae
../Signals/full_dataset/klebsiella_pneumoniae_reference_DeepSimu\fast5/signal_155_e9a09373-1d38-40b2-bd79-70597bc31dfd.fast5,klebsiella_pneumoniae
../Signals/full_dataset/klebsiella_pneumoniae_reference_DeepSimu\fast5/signal_156_35c4a069-b4f5-4038-a810-080ac949000b.fast5,klebsiella_pneumoniae
../Signals/full_dataset/klebsiella_pneumoniae_reference_DeepSimu\fast5/signal_157_931838a2-4c3b-4fe3-a87c-2d71ee207637.fast5,klebsiella_pneumoniae
../Signals/full_dataset/klebsiella_pneumoniae_reference_DeepSimu\fast5/signal_158_2663e844-748e-4722-b216-8f480ecd7f58.fast5,klebsiella_pneumoniae
../Signals/full_dataset/klebsiella_pneumoniae_reference_DeepSimu\fast5/signal_159_c215ec01-cc40-40d6-8826-9b6b882197a8.fast5,klebsiella_pneumoniae
../Signals/full_dataset/klebsiella_pneumoniae_reference_DeepSimu\fast5/signal_15_0f5aba08-ffa1-466a-8f7f-d9deeb38aa54.fast5,klebsiella_pneumoniae
../Signals/full_dataset/klebsiella_pneumoniae_reference_DeepSimu\fast5/signal_160_ded7c777-08d6-4a54-a56c-459f68553724.fast5,klebsiella_pneumoniae
../Signals/full_dataset/klebsiella_pneumoniae_reference_DeepSimu\fast5/signal_161_7eeb6474-e70d-4bfb-ae7d-d413422bc77c.fast5,klebsiella_pneumoniae
../Signals/full_dataset/klebsiella_pneumoniae_reference_DeepSimu\fast5/signal_162_713b31ee-8658-4579-a58f-d2a1a7ad104f.fast5,klebsiella_pneumoniae
../Signals/full_dataset/klebsiella_pneumoniae_reference_DeepSimu\fast5/signal_163_ebcb9726-db39-4160-a0dd-77626fdd6a9b.fast5,klebsiella_pneumoniae
../Signals/full_dataset/klebsiella_pneumoniae_reference_DeepSimu\fast5/signal_164_a6a68b92-579f-4a06-9ded-6d8d4f3994cf.fast5,klebsiella_pneumoniae
../Signals/full_dataset/klebsiella_pneumoniae_reference_DeepSimu\fast5/signal_165_847e32a9-1559-4329-a527-d87429e8a656.fast5,klebsiella_pneumoniae
../Signals/full_dataset/klebsiella_pneumoniae_reference_DeepSimu\fast5/signal_166_0239a497-b9c0-48e8-b630-84dd529d905a.fast5,klebsiella_pneumoniae
../Signals/full_dataset/klebsiella_pneumoniae_reference_DeepSimu\fast5/signal_167_3f00bb07-276d-4c23-9422-d4d3dba6ec32.fast5,klebsiella_pneumoniae
../Signals/full_dataset/klebsiella_pneumoniae_reference_DeepSimu\fast5/signal_168_0b05e536-c947-42fe-aafd-cfe537f434e7.fast5,klebsiella_pneumoniae
../Signals/full_dataset/klebsiella_pneumoniae_reference_DeepSimu\fast5/signal_169_b919390f-25de-4865-a641-1a667d023e5f.fast5,klebsiella_pneumoniae
../Signals/full_dataset/klebsiella_pneumoniae_reference_DeepSimu\fast5/signal_16_1f8c1f0d-c1a9-49c4-8b4e-eb8c6df09116.fast5,klebsiella_pneumoniae
../Signals/full_dataset/klebsiella_pneumoniae_reference_DeepSimu\fast5/signal_170_5608188c-4417-492a-834f-44849eb2c4b0.fast5,klebsiella_pneumoniae
../Signals/full_dataset/klebsiella_pneumoniae_reference_DeepSimu\fast5/signal_171_9db21172-af2b-4dad-8d12-cf4ba105ec2d.fast5,klebsiella_pneumoniae
../Signals/full_dataset/klebsiella_pneumoniae_reference_DeepSimu\fast5/signal_172_200de1c4-ed72-47c8-bda9-d7e8f3191de9.fast5,klebsiella_pneumoniae
../Signals/full_dataset/klebsiella_pneumoniae_reference_DeepSimu\fast5/signal_173_d7447b11-57ab-4f71-bb90-40e816da6e86.fast5,klebsiella_pneumoniae
../Signals/full_dataset/klebsiella_pneumoniae_reference_DeepSimu\fast5/signal_174_d8ab80fa-1ecd-4f87-93ef-0f56689e7b32.fast5,klebsiella_pneumoniae
../Signals/full_dataset/klebsiella_pneumoniae_reference_DeepSimu\fast5/signal_175_ac666fcf-8d34-44d0-a33e-5e9d602b941f.fast5,klebsiella_pneumoniae
../Signals/full_dataset/klebsiella_pneumoniae_reference_DeepSimu\fast5/signal_176_cd53ccfa-74a2-4ed0-9ae0-ad438d3c1d1e.fast5,klebsiella_pneumoniae
../Signals/full_dataset/klebsiella_pneumoniae_reference_DeepSimu\fast5/signal_177_1a314ef2-e236-4a07-8654-d9f3b5c5e4aa.fast5,klebsiella_pneumoniae
../Signals/full_dataset/klebsiella_pneumoniae_reference_DeepSimu\fast5/signal_178_5f49d267-7174-4dc3-b20d-a8b1ca8076e0.fast5,klebsiella_pneumoniae
../Signals/full_dataset/klebsiella_pneumoniae_reference_DeepSimu\fast5/signal_179_2b7964a9-bba2-4a05-ac8e-464c2e07f378.fast5,klebsiella_pneumoniae
../Signals/full_dataset/klebsiella_pneumoniae_reference_DeepSimu\fast5/signal_17_693fb7a3-af46-43fe-a854-c7b6d64a544d.fast5,klebsiella_pneumoniae
../Signals/full_dataset/klebsiella_pneumoniae_reference_DeepSimu\fast5/signal_180_a76de738-6796-4809-96e4-b210ce2dafe2.fast5,klebsiella_pneumoniae
../Signals/full_dataset/klebsiella_pneumoniae_reference_DeepSimu\fast5/signal_181_8015da08-9426-430c-a3a2-039f0a05b4a9.fast5,klebsiella_pneumoniae
../Signals/full_dataset/klebsiella_pneumoniae_reference_DeepSimu\fast5/signal_182_8e9abeb5-89f9-454d-8bec-15721ae3dd73.fast5,klebsiella_pneumoniae
../Signals/full_dataset/klebsiella_pneumoniae_reference_DeepSimu\fast5/signal_183_0a4988ae-111b-40b3-af43-b8c9782d8b20.fast5,klebsiella_pneumoniae
../Signals/full_dataset/klebsiella_pneumoniae_reference_DeepSimu\fast5/signal_184_d8491976-fda7-437a-bdb4-ea3839da1cf9.fast5,klebsiella_pneumoniae
../Signals/full_dataset/klebsiella_pneumoniae_reference_DeepSimu\fast5/signal_185_5147999f-003b-4246-9489-1aa63704ee47.fast5,klebsiella_pneumoniae
../Signals/full_dataset/klebsiella_pneumoniae_reference_DeepSimu\fast5/signal_186_d7626ded-d98a-433a-8229-847bdb6cfa56.fast5,klebsiella_pneumoniae
../Signals/full_dataset/klebsiella_pneumoniae_reference_DeepSimu\fast5/signal_187_41c4fbd2-70f7-48f3-b401-b09f760a3615.fast5,klebsiella_pneumoniae
../Signals/full_dataset/klebsiella_pneumoniae_reference_DeepSimu\fast5/signal_188_7f5c3f6e-9b45-4bb0-b7bb-ea8a5985b1a7.fast5,klebsiella_pneumoniae
../Signals/full_dataset/klebsiella_pneumoniae_reference_DeepSimu\fast5/signal_189_b79e6efc-9c24-4f43-aa74-de3ba5ab93c6.fast5,klebsiella_pneumoniae
../Signals/full_dataset/klebsiella_pneumoniae_reference_DeepSimu\fast5/signal_18_f6dafef0-11d4-4722-bc58-f7e644a5fa5e.fast5,klebsiella_pneumoniae
../Signals/full_dataset/pantonea_agglomerans_reference_DeepSimu\fast5/signal_0_a0d89b95-98df-480a-a90e-eac484c55f1e.fast5,pantonea_agglomerans
../Signals/full_dataset/pantonea_agglomerans_reference_DeepSimu\fast5/signal_100_48077761-4663-4711-a7e4-8e55fdf98ac1.fast5,pantonea_agglomerans
../Signals/full_dataset/pantonea_agglomerans_reference_DeepSimu\fast5/signal_101_8cdb0471-616f-44a1-906a-b37ef8d8d005.fast5,pantonea_agglomerans
../Signals/full_dataset/pantonea_agglomerans_reference_DeepSimu\fast5/signal_102_f22cacb7-395f-4568-8f91-4e9291c3f798.fast5,pantonea_agglomerans
../Signals/full_dataset/pantonea_agglomerans_reference_DeepSimu\fast5/signal_103_67259937-ff99-4e45-a2c3-5bc2b7cdd27c.fast5,pantonea_agglomerans
../Signals/full_dataset/pantonea_agglomerans_reference_DeepSimu\fast5/signal_104_fe229060-3350-459e-8f21-947246304e18.fast5,pantonea_agglomerans
../Signals/full_dataset/pantonea_agglomerans_reference_DeepSimu\fast5/signal_105_a9eb5d24-dad4-46bf-a0f2-1f711788843f.fast5,pantonea_agglomerans
../Signals/full_dataset/pantonea_agglomerans_reference_DeepSimu\fast5/signal_106_96ec0dcf-591c-4287-aca4-2ca63b10007d.fast5,pantonea_agglomerans
../Signals/full_dataset/pantonea_agglomerans_reference_DeepSimu\fast5/signal_107_eb017c86-12a5-4973-a2ab-4c1f1fb45f65.fast5,pantonea_agglomerans
../Signals/full_dataset/pantonea_agglomerans_reference_DeepSimu\fast5/signal_108_4284053a-7308-4f87-b73e-844faf8c9d8e.fast5,pantonea_agglomerans
../Signals/full_dataset/pantonea_agglomerans_reference_DeepSimu\fast5/signal_109_4a52f088-1a02-4e56-8404-0930b900f44a.fast5,pantonea_agglomerans
../Signals/full_dataset/pantonea_agglomerans_reference_DeepSimu\fast5/signal_10_a96e9cc5-acd9-4143-9f7d-92e20a9b129e.fast5,pantonea_agglomerans
../Signals/full_dataset/pantonea_agglomerans_reference_DeepSimu\fast5/signal_110_596ff569-5847-4a09-b479-190c84444907.fast5,pantonea_agglomerans
../Signals/full_dataset/pantonea_agglomerans_reference_DeepSimu\fast5/signal_111_f7045ea1-f1d5-4751-9464-4728d745a7ba.fast5,pantonea_agglomerans
../Signals/full_dataset/pantonea_agglomerans_reference_DeepSimu\fast5/signal_112_96a6947e-9ba5-4225-b81e-54761d1b037a.fast5,pantonea_agglomerans
../Signals/full_dataset/pantonea_agglomerans_reference_DeepSimu\fast5/signal_113_21790396-3536-43e0-9a5c-182ade4a1dae.fast5,pantonea_agglomerans
../Signals/full_dataset/pantonea_agglomerans_reference_DeepSimu\fast5/signal_114_82b0eb68-d7b5-49f0-8fa2-37e6fd832fb1.fast5,pantonea_agglomerans
../Signals/full_dataset/pantonea_agglomerans_reference_DeepSimu\fast5/signal_115_1845de70-0bd3-4026-9dbf-cb0a31f98322.fast5,pantonea_agglomerans
../Signals/full_dataset/pantonea_agglomerans_reference_DeepSimu\fast5/signal_116_eabf3a65-cc92-4e26-a0ac-e4098c72d122.fast5,pantonea_agglomerans
../Signals/full_dataset/pantonea_agglomerans_reference_DeepSimu\fast5/signal_117_e84243fe-9b8c-4407-bc54-065c2747612c.fast5,pantonea_agglomerans
../Signals/full_dataset/pantonea_agglomerans_reference_DeepSimu\fast5/signal_118_957faf9d-cc01-4c9e-9a7b-1521348e586d.fast5,pantonea_agglomerans
../Signals/full_dataset/pantonea_agglomerans_reference_DeepSimu\fast5/signal_119_6c8194c7-b536-4f7b-afe1-5f1b827020bd.fast5,pantonea_agglomerans
../Signals/full_dataset/pantonea_agglomerans_reference_DeepSimu\fast5/signal_11_079f7213-0de9-430d-beb9-d97edd8972af.fast5,pantonea_agglomerans
../Signals/full_dataset/pantonea_agglomerans_reference_DeepSimu\fast5/signal_120_a70338e5-5e8e-48fc-85dc-d9360afd6747.fast5,pantonea_agglomerans
../Signals/full_dataset/pantonea_agglomerans_reference_DeepSimu\fast5/signal_121_46895c63-8d28-4ca2-8c70-eb26a87766b7.fast5,pantonea_agglomerans
../Signals/full_dataset/pantonea_agglomerans_reference_DeepSimu\fast5/signal_122_a655191d-993b-4cc0-9afb-6598c3d9c381.fast5,pantonea_agglomerans
../Signals/full_dataset/pantonea_agglomerans_reference_DeepSimu\fast5/signal_123_cbea3334-e8ac-4fea-9f35-9e78453b6d51.fast5,pantonea_agglomerans
../Signals/full_dataset/pantonea_agglomerans_reference_DeepSimu\fast5/signal_124_5906f14f-3e8b-477c-9954-537e467956b1.fast5,pantonea_agglomerans
../Signals/full_dataset/pantonea_agglomerans_reference_DeepSimu\fast5/signal_125_80dbe425-d2c0-4d18-9db1-d41652f1e1e5.fast5,pantonea_agglomerans
../Signals/full_dataset/pantonea_agglomerans_reference_DeepSimu\fast5/signal_126_41980338-2485-44b7-8f35-b2bcb0fc0e34.fast5,pantonea_agglomerans
../Signals/full_dataset/pantonea_agglomerans_reference_DeepSimu\fast5/signal_127_a2994dee-77e6-4639-9f14-2676cdbce6e9.fast5,pantonea_agglomerans
../Signals/full_dataset/pantonea_agglomerans_reference_DeepSimu\fast5/signal_128_1be03012-16ae-4f28-9cbd-edf9974218c4.fast5,pantonea_agglomerans
../Signals/full_dataset/pantonea_agglomerans_reference_DeepSimu\fast5/signal_129_d17fdedc-3036-4477-89e2-247c10d4bc57.fast5,pantonea_agglomerans
../Signals/full_dataset/pantonea_agglomerans_reference_DeepSimu\fast5/signal_12_29808f1d-3d30-440b-aa92-00396164b5e6.fast5,pantonea_agglomerans
../Signals/full_dataset/pantonea_agglomerans_reference_DeepSimu\fast5/signal_130_1587aa8f-a80d-4983-aca3-b0553615338a.fast5,pantonea_agglomerans
../Signals/full_dataset/pantonea_agglomerans_reference_DeepSimu\fast5/signal_131_2919a992-22b5-4ffd-beb7-c9d2ff604c40.fast5,pantonea_agglomerans
../Signals/full_dataset/pantonea_agglomerans_reference_DeepSimu\fast5/signal_132_89dd4e04-0b54-4183-97f1-6c06ddb6f68f.fast5,pantonea_agglomerans
../Signals/full_dataset/pantonea_agglomerans_reference_DeepSimu\fast5/signal_133_b77f502a-d466-44bc-8b10-fa58100ffe60.fast5,pantonea_agglomerans
../Signals/full_dataset/pantonea_agglomerans_reference_DeepSimu\fast5/signal_134_0a9c29b2-2504-4bfa-83a0-cebb29f6c6de.fast5,pantonea_agglomerans
../Signals/full_dataset/pantonea_agglomerans_reference_DeepSimu\fast5/signal_135_b4ced722-ced7-4627-8a6d-407cddd4ab83.fast5,pantonea_agglomerans
../Signals/full_dataset/pantonea_agglomerans_reference_DeepSimu\fast5/signal_136_a47cbe11-44c5-4836-ba8b-2ba4dd1ee7e4.fast5,pantonea_agglomerans
../Signals/full_dataset/pantonea_agglomerans_reference_DeepSimu\fast5/signal_137_74dc3836-b679-4d36-a110-11d28a696725.fast5,pantonea_agglomerans
../Signals/full_dataset/pantonea_agglomerans_reference_DeepSimu\fast5/signal_138_e7524228-9eed-46d3-bb9b-ec40f141ac7b.fast5,pantonea_agglomerans
../Signals/full_dataset/pantonea_agglomerans_reference_DeepSimu\fast5/signal_139_a0c8582b-0124-4b29-88a5-eea6c3ab5811.fast5,pantonea_agglomerans
../Signals/full_dataset/pantonea_agglomerans_reference_DeepSimu\fast5/signal_13_f4a0143b-13ee-48f6-9c80-a61b1f189b0c.fast5,pantonea_agglomerans
../Signals/full_dataset/pantonea_agglomerans_reference_DeepSimu\fast5/signal_140_c67fc037-797a-4540-adfe-a9f37b4c6678.fast5,pantonea_agglomerans
../Signals/full_dataset/pantonea_agglomerans_reference_DeepSimu\fast5/signal_141_a87e783e-52e0-48f3-b3f3-d6cb62bfd151.fast5,pantonea_agglomerans
../Signals/full_dataset/pantonea_agglomerans_reference_DeepSimu\fast5/signal_142_eedef57e-6141-4f0e-a659-c3cfbed2b2b4.fast5,pantonea_agglomerans
../Signals/full_dataset/pantonea_agglomerans_reference_DeepSimu\fast5/signal_143_a05c8f27-de37-4cbc-98c0-da4a8021bd32.fast5,pantonea_agglomerans
../Signals/full_dataset/pantonea_agglomerans_reference_DeepSimu\fast5/signal_144_f6588f43-43c3-470c-8f60-806537a7180e.fast5,pantonea_agglomerans
../Signals/full_dataset/pantonea_agglomerans_reference_DeepSimu\fast5/signal_145_61fd0805-e2b2-42cd-a6a0-997283dd7579.fast5,pantonea_agglomerans
../Signals/full_dataset/pantonea_agglomerans_reference_DeepSimu\fast5/signal_146_82685212-31e9-4ce1-8ad6-ba55a28c7835.fast5,pantonea_agglomerans
../Signals/full_dataset/pantonea_agglomerans_reference_DeepSimu\fast5/signal_147_052e64a3-c9c0-4ae6-8da0-83bef5cb98b3.fast5,pantonea_agglomerans
../Signals/full_dataset/pantonea_agglomerans_reference_DeepSimu\fast5/signal_148_0d807f3e-1fa0-4a48-a91e-0eb44be099d3.fast5,pantonea_agglomerans
../Signals/full_dataset/pantonea_agglomerans_reference_DeepSimu\fast5/signal_149_7e58c6c6-9b60-43b7-b314-7cbf398f89a5.fast5,pantonea_agglomerans
../Signals/full_dataset/pantonea_agglomerans_reference_DeepSimu\fast5/signal_14_0422d85d-406d-409e-b469-4c3edae44c75.fast5,pantonea_agglomerans
../Signals/full_dataset/pantonea_agglomerans_reference_DeepSimu\fast5/signal_150_9e1b3ae5-dc25-4224-8e7f-a623c3221fae.fast5,pantonea_agglomerans
../Signals/full_dataset/pantonea_agglomerans_reference_DeepSimu\fast5/signal_151_58d46d76-20cc-4f3f-bc04-68b31190e7da.fast5,pantonea_agglomerans
../Signals/full_dataset/pantonea_agglomerans_reference_DeepSimu\fast5/signal_152_a9fd21d7-e8bb-4fcb-a550-7977cfadc9d5.fast5,pantonea_agglomerans
../Signals/full_dataset/pantonea_agglomerans_reference_DeepSimu\fast5/signal_153_cf30c4a7-da05-4c82-b53b-66a4ccfe1796.fast5,pantonea_agglomerans
../Signals/full_dataset/pantonea_agglomerans_reference_DeepSimu\fast5/signal_154_12ee8d51-c9ba-4f76-a519-d7f385f43a76.fast5,pantonea_agglomerans
../Signals/full_dataset/pantonea_agglomerans_reference_DeepSimu\fast5/signal_155_22751611-768a-45a6-bd7b-851870155cb7.fast5,pantonea_agglomerans
../Signals/full_dataset/pantonea_agglomerans_reference_DeepSimu\fast5/signal_156_e8626f16-8361-447c-b28f-806839b01aee.fast5,pantonea_agglomerans
../Signals/full_dataset/pantonea_agglomerans_reference_DeepSimu\fast5/signal_157_0a42827e-8ba0-4214-a254-92a61f222963.fast5,pantonea_agglomerans
../Signals/full_dataset/pantonea_agglomerans_reference_DeepSimu\fast5/signal_158_0f7e0420-fd47-4c2c-8e71-31b5761efe1d.fast5,pantonea_agglomerans
../Signals/full_dataset/pantonea_agglomerans_reference_DeepSimu\fast5/signal_159_c126f55b-6d2e-4221-841f-4001ed61433c.fast5,pantonea_agglomerans
../Signals/full_dataset/pantonea_agglomerans_reference_DeepSimu\fast5/signal_15_e8eed046-11be-4c46-a858-e889b8fc0a5e.fast5,pantonea_agglomerans
../Signals/full_dataset/pantonea_agglomerans_reference_DeepSimu\fast5/signal_160_debcb73c-65ae-494f-8583-9823e73a4b36.fast5,pantonea_agglomerans
../Signals/full_dataset/pantonea_agglomerans_reference_DeepSimu\fast5/signal_161_fec805b4-dbc1-4699-93e6-68aafc2e8bf2.fast5,pantonea_agglomerans
../Signals/full_dataset/pantonea_agglomerans_reference_DeepSimu\fast5/signal_162_37312390-7d40-4970-81d9-c1189087382d.fast5,pantonea_agglomerans
../Signals/full_dataset/pantonea_agglomerans_reference_DeepSimu\fast5/signal_163_4b51025b-1baa-4808-99e6-7696c0e749bf.fast5,pantonea_agglomerans
../Signals/full_dataset/pantonea_agglomerans_reference_DeepSimu\fast5/signal_164_7be78b4b-2909-4a89-8172-d3e2b729abd8.fast5,pantonea_agglomerans
../Signals/full_dataset/pantonea_agglomerans_reference_DeepSimu\fast5/signal_165_25e65727-0537-4468-b75a-7a3edf2cb1de.fast5,pantonea_agglomerans
../Signals/full_dataset/pantonea_agglomerans_reference_DeepSimu\fast5/signal_166_0ba35960-a2ba-4c46-b590-25478453efba.fast5,pantonea_agglomerans
../Signals/full_dataset/pantonea_agglomerans_reference_DeepSimu\fast5/signal_167_9012e7eb-4ab9-486c-a593-096c4f3fd7a2.fast5,pantonea_agglomerans
../Signals/full_dataset/pantonea_agglomerans_reference_DeepSimu\fast5/signal_168_f77fd43b-b46f-418d-9048-b4e39cc102a6.fast5,pantonea_agglomerans
../Signals/full_dataset/pantonea_agglomerans_reference_DeepSimu\fast5/signal_169_53447be8-7da5-4e0c-bf03-8313b9043730.fast5,pantonea_agglomerans
../Signals/full_dataset/pantonea_agglomerans_reference_DeepSimu\fast5/signal_16_d8ac7a49-7eda-424f-aeea-9e1abe051058.fast5,pantonea_agglomerans
../Signals/full_dataset/pantonea_agglomerans_reference_DeepSimu\fast5/signal_170_31b027a4-edd8-462e-9949-813fca41e341.fast5,pantonea_agglomerans
../Signals/full_dataset/pantonea_agglomerans_reference_DeepSimu\fast5/signal_171_6b3d60e5-42d9-4d0c-84cb-e67edfbc91e6.fast5,pantonea_agglomerans
../Signals/full_dataset/pantonea_agglomerans_reference_DeepSimu\fast5/signal_172_f88dcc0e-0d5e-4fc5-bead-be0ba7a6b470.fast5,pantonea_agglomerans
../Signals/full_dataset/pantonea_agglomerans_reference_DeepSimu\fast5/signal_173_cee66c41-d1f5-46f4-bffc-180d1e907dd8.fast5,pantonea_agglomerans
../Signals/full_dataset/pantonea_agglomerans_reference_DeepSimu\fast5/signal_174_8649ef5b-a093-486a-a137-a7510bf0a3bc.fast5,pantonea_agglomerans
../Signals/full_dataset/pantonea_agglomerans_reference_DeepSimu\fast5/signal_175_f2ba0ccb-45cd-42d3-b687-578ce429257a.fast5,pantonea_agglomerans
../Signals/full_dataset/pantonea_agglomerans_reference_DeepSimu\fast5/signal_176_136c0cfb-c4af-4e0c-9ee8-ed7a53301f1f.fast5,pantonea_agglomerans
../Signals/full_dataset/pantonea_agglomerans_reference_DeepSimu\fast5/signal_177_483ba6bf-9ed1-4fff-adf4-c1d7df5b50fa.fast5,pantonea_agglomerans
../Signals/full_dataset/pantonea_agglomerans_reference_DeepSimu\fast5/signal_178_32016e02-120b-4f1f-b591-dbd6b1d9eabe.fast5,pantonea_agglomerans
../Signals/full_dataset/pantonea_agglomerans_reference_DeepSimu\fast5/signal_179_3ad40c10-ba9e-496f-b089-26c477bb986b.fast5,pantonea_agglomerans
../Signals/full_dataset/pantonea_agglomerans_reference_DeepSimu\fast5/signal_17_d21a566e-7eb4-41ba-bc79-2443ba458910.fast5,pantonea_agglomerans
../Signals/full_dataset/pantonea_agglomerans_reference_DeepSimu\fast5/signal_180_8d316439-935b-4b50-b1b9-b49235ac5006.fast5,pantonea_agglomerans
../Signals/full_dataset/pantonea_agglomerans_reference_DeepSimu\fast5/signal_181_a5052ea3-e505-4af6-b9fb-b218c3579f8e.fast5,pantonea_agglomerans
../Signals/full_dataset/pantonea_agglomerans_reference_DeepSimu\fast5/signal_182_971e96f6-a35f-4d51-9f68-e5473235229a.fast5,pantonea_agglomerans
../Signals/full_dataset/pantonea_agglomerans_reference_DeepSimu\fast5/signal_183_8e7bb8a8-4bbe-4ffb-90b7-8248d200ac4d.fast5,pantonea_agglomerans
../Signals/full_dataset/pantonea_agglomerans_reference_DeepSimu\fast5/signal_184_9ee3ff34-a635-4c7c-b697-2525153bbcda.fast5,pantonea_agglomerans
../Signals/full_dataset/pantonea_agglomerans_reference_DeepSimu\fast5/signal_185_44cca935-0d08-4766-992b-4505e566978d.fast5,pantonea_agglomerans
../Signals/full_dataset/pantonea_agglomerans_reference_DeepSimu\fast5/signal_186_85eaf149-8088-4fcb-be75-be7c6a742a73.fast5,pantonea_agglomerans
../Signals/full_dataset/pantonea_agglomerans_reference_DeepSimu\fast5/signal_187_baaca163-54f5-4041-adf3-bf0c05fc3be7.fast5,pantonea_agglomerans
../Signals/full_dataset/pantonea_agglomerans_reference_DeepSimu\fast5/signal_188_e244a66f-a140-4ac5-a484-f8df8a08d541.fast5,pantonea_agglomerans
../Signals/full_dataset/pantonea_agglomerans_reference_DeepSimu\fast5/signal_189_ccf837c8-1041-4378-9c28-5f6f2ad281ee.fast5,pantonea_agglomerans
../Signals/full_dataset/pantonea_agglomerans_reference_DeepSimu\fast5/signal_18_b9b0d5b8-ca3e-461f-b407-ce44f4e4dc5c.fast5,pantonea_agglomerans
../Signals/full_dataset/pseudomonas_koreensis_reference_DeepSimu\fast5/signal_0_1f088d7a-5645-420b-a5f1-f9b2d221b9e2.fast5,pseudomonas_koreensis
../Signals/full_dataset/pseudomonas_koreensis_reference_DeepSimu\fast5/signal_10_e33e1ca3-b5dc-4c26-946f-668844eb318c.fast5,pseudomonas_koreensis
../Signals/full_dataset/pseudomonas_koreensis_reference_DeepSimu\fast5/signal_11_c455b326-0f1c-44a3-825e-3f24670d0441.fast5,pseudomonas_koreensis
../Signals/full_dataset/pseudomonas_koreensis_reference_DeepSimu\fast5/signal_12_0e0ea839-f4e7-4260-8d51-5bbd0d0b2cc5.fast5,pseudomonas_koreensis
../Signals/full_dataset/pseudomonas_koreensis_reference_DeepSimu\fast5/signal_13_7fddeeb5-a3c6-4e02-810c-56fc35a1893f.fast5,pseudomonas_koreensis
../Signals/full_dataset/pseudomonas_koreensis_reference_DeepSimu\fast5/signal_14_3bea9847-c438-4aad-ade0-bcc85813d413.fast5,pseudomonas_koreensis
../Signals/full_dataset/pseudomonas_koreensis_reference_DeepSimu\fast5/signal_15_46130a60-30e4-4e85-9ff9-78358a5c8391.fast5,pseudomonas_koreensis
../Signals/full_dataset/pseudomonas_koreensis_reference_DeepSimu\fast5/signal_16_1ce52cfe-b344-4a65-918b-da4492acd018.fast5,pseudomonas_koreensis
../Signals/full_dataset/pseudomonas_koreensis_reference_DeepSimu\fast5/signal_17_189700e6-3cbe-449b-b435-6ead3ba7e041.fast5,pseudomonas_koreensis
../Signals/full_dataset/pseudomonas_koreensis_reference_DeepSimu\fast5/signal_18_265fa664-9e04-4087-9f24-ad662f756238.fast5,pseudomonas_koreensis
../Signals/full_dataset/pseudomonas_koreensis_reference_DeepSimu\fast5/signal_19_a950624d-c500-4a01-a528-5511692e64b1.fast5,pseudomonas_koreensis
../Signals/full_dataset/pseudomonas_koreensis_reference_DeepSimu\fast5/signal_1_61dce0b3-f87f-4b81-9efd-92f558a04ec5.fast5,pseudomonas_koreensis
../Signals/full_dataset/pseudomonas_koreensis_reference_DeepSimu\fast5/signal_20_979048d7-28e1-4d94-80c2-2f7ea37c1303.fast5,pseudomonas_koreensis
../Signals/full_dataset/pseudomonas_koreensis_reference_DeepSimu\fast5/signal_21_458108e5-0f19-4ff7-a55b-e319c09ccf98.fast5,pseudomonas_koreensis
../Signals/full_dataset/pseudomonas_koreensis_reference_DeepSimu\fast5/signal_22_f9941844-c793-41f7-9126-663b8a3878de.fast5,pseudomonas_koreensis
../Signals/full_dataset/pseudomonas_koreensis_reference_DeepSimu\fast5/signal_23_6b81f184-820b-4484-b1c9-25587cd4bde6.fast5,pseudomonas_koreensis
../Signals/full_dataset/pseudomonas_koreensis_reference_DeepSimu\fast5/signal_24_cc661cb0-e481-47ba-8eee-388f47f66bb4.fast5,pseudomonas_koreensis
../Signals/full_dataset/pseudomonas_koreensis_reference_DeepSimu\fast5/signal_25_f2002490-502b-44bc-8ebb-12325275b322.fast5,pseudomonas_koreensis
../Signals/full_dataset/pseudomonas_koreensis_reference_DeepSimu\fast5/signal_26_358fd7e3-02f1-4153-bc23-9a2b13dc1cf2.fast5,pseudomonas_koreensis
../Signals/full_dataset/pseudomonas_koreensis_reference_DeepSimu\fast5/signal_27_64e20a2b-1089-4df8-91ef-2c79d85fd05a.fast5,pseudomonas_koreensis
../Signals/full_dataset/pseudomonas_koreensis_reference_DeepSimu\fast5/signal_28_b2f26fc9-07e0-4791-97cb-856d00780d1e.fast5,pseudomonas_koreensis
../Signals/full_dataset/pseudomonas_koreensis_reference_DeepSimu\fast5/signal_29_5d1bd134-2878-4a81-9ed9-8c1754b2613f.fast5,pseudomonas_koreensis
../Signals/full_dataset/pseudomonas_koreensis_reference_DeepSimu\fast5/signal_2_9fdb2624-7466-4960-ba4a-1fbd3273b2a4.fast5,pseudomonas_koreensis
../Signals/full_dataset/pseudomonas_koreensis_reference_DeepSimu\fast5/signal_30_6438e2eb-85d2-4055-bf8b-a36090569323.fast5,pseudomonas_koreensis
../Signals/full_dataset/pseudomonas_koreensis_reference_DeepSimu\fast5/signal_31_2de32108-a42e-4b3f-9a0c-07e36230740f.fast5,pseudomonas_koreensis
../Signals/full_dataset/pseudomonas_koreensis_reference_DeepSimu\fast5/signal_32_b366c71f-c94a-4613-9fde-28f746166aab.fast5,pseudomonas_koreensis
../Signals/full_dataset/pseudomonas_koreensis_reference_DeepSimu\fast5/signal_33_2d09188b-b04d-4a99-a485-2b9c531c9ccb.fast5,pseudomonas_koreensis
../Signals/full_dataset/pseudomonas_koreensis_reference_DeepSimu\fast5/signal_34_1a843d99-a64a-4ed9-8fe9-136ac86fc158.fast5,pseudomonas_koreensis
../Signals/full_dataset/pseudomonas_koreensis_reference_DeepSimu\fast5/signal_35_f21d7157-75d1-4a5a-8efb-b10e82afc679.fast5,pseudomonas_koreensis
../Signals/full_dataset/pseudomonas_koreensis_reference_DeepSimu\fast5/signal_36_40e283f0-fb31-4a68-b8c7-d56f90b20eb0.fast5,pseudomonas_koreensis
../Signals/full_dataset/pseudomonas_koreensis_reference_DeepSimu\fast5/signal_37_dd77f67d-6711-497d-8f4e-dc343e51580b.fast5,pseudomonas_koreensis
../Signals/full_dataset/pseudomonas_koreensis_reference_DeepSimu\fast5/signal_38_37fa2aab-41b8-4239-aa79-f50f319f2244.fast5,pseudomonas_koreensis
../Signals/full_dataset/pseudomonas_koreensis_reference_DeepSimu\fast5/signal_39_4ce58a6c-5106-4cae-9e00-e961722c3ccb.fast5,pseudomonas_koreensis
../Signals/full_dataset/pseudomonas_koreensis_reference_DeepSimu\fast5/signal_3_798ad492-ebf0-47c9-b9d6-4df27eacd135.fast5,pseudomonas_koreensis
../Signals/full_dataset/pseudomonas_koreensis_reference_DeepSimu\fast5/signal_40_41a3d393-2a33-4078-9bc8-7e0600be8642.fast5,pseudomonas_koreensis
../Signals/full_dataset/pseudomonas_koreensis_reference_DeepSimu\fast5/signal_41_360069c5-834b-4a8d-9d95-60b2b5fd485a.fast5,pseudomonas_koreensis
../Signals/full_dataset/pseudomonas_koreensis_reference_DeepSimu\fast5/signal_42_33172842-e50d-4831-8153-479fdc53f94f.fast5,pseudomonas_koreensis
../Signals/full_dataset/pseudomonas_koreensis_reference_DeepSimu\fast5/signal_43_603b4d47-4d6e-4247-ae58-9b4fade7c902.fast5,pseudomonas_koreensis
../Signals/full_dataset/pseudomonas_koreensis_reference_DeepSimu\fast5/signal_44_560b41e9-63a8-4d4c-9417-ab3100f5a435.fast5,pseudomonas_koreensis
../Signals/full_dataset/pseudomonas_koreensis_reference_DeepSimu\fast5/signal_45_0ae1b0d9-a081-4919-8362-f5c5543c9120.fast5,pseudomonas_koreensis
../Signals/full_dataset/pseudomonas_koreensis_reference_DeepSimu\fast5/signal_46_2a1cbbed-06bc-495f-bc3a-065beb45cc46.fast5,pseudomonas_koreensis
../Signals/full_dataset/pseudomonas_koreensis_reference_DeepSimu\fast5/signal_47_496cd87b-fe89-433d-94ea-6a00db285dc6.fast5,pseudomonas_koreensis
../Signals/full_dataset/pseudomonas_koreensis_reference_DeepSimu\fast5/signal_48_04cb5949-de3b-4e4a-88a0-fbb14ad3e526.fast5,pseudomonas_koreensis
../Signals/full_dataset/pseudomonas_koreensis_reference_DeepSimu\fast5/signal_49_6907232a-3a5f-4e26-96f3-349acb15a24d.fast5,pseudomonas_koreensis
../Signals/full_dataset/pseudomonas_koreensis_reference_DeepSimu\fast5/signal_4_733e3fc5-d8c1-46a7-82ce-0cd420eee1fb.fast5,pseudomonas_koreensis
../Signals/full_dataset/pseudomonas_koreensis_reference_DeepSimu\fast5/signal_50_42bf71cc-32b4-41d9-9eb5-0286a9460997.fast5,pseudomonas_koreensis
../Signals/full_dataset/pseudomonas_koreensis_reference_DeepSimu\fast5/signal_51_776501ce-f32c-4384-a0d2-6a746cc89814.fast5,pseudomonas_koreensis
../Signals/full_dataset/pseudomonas_koreensis_reference_DeepSimu\fast5/signal_52_b4b4f636-1830-46ba-9975-587be169f2dd.fast5,pseudomonas_koreensis
../Signals/full_dataset/pseudomonas_koreensis_reference_DeepSimu\fast5/signal_53_b628bc19-b8c0-4c7e-8b07-406d94ad1cff.fast5,pseudomonas_koreensis
../Signals/full_dataset/pseudomonas_koreensis_reference_DeepSimu\fast5/signal_54_0084b2e7-a34e-459e-b22e-33d64fb84311.fast5,pseudomonas_koreensis
../Signals/full_dataset/pseudomonas_koreensis_reference_DeepSimu\fast5/signal_55_a38bc503-23a6-4a71-b86c-e5d3d277ccb9.fast5,pseudomonas_koreensis
../Signals/full_dataset/pseudomonas_koreensis_reference_DeepSimu\fast5/signal_56_11561e0f-4f6c-4709-845e-9b173e42429b.fast5,pseudomonas_koreensis
../Signals/full_dataset/pseudomonas_koreensis_reference_DeepSimu\fast5/signal_57_9537fc9c-085c-429f-893a-c21ac6604bb5.fast5,pseudomonas_koreensis
../Signals/full_dataset/pseudomonas_koreensis_reference_DeepSimu\fast5/signal_58_be81ecc1-10a7-4a8a-a605-c5d400e8348d.fast5,pseudomonas_koreensis
../Signals/full_dataset/pseudomonas_koreensis_reference_DeepSimu\fast5/signal_59_d5a93099-11a4-4caf-9321-1474fa6ae894.fast5,pseudomonas_koreensis
../Signals/full_dataset/pseudomonas_koreensis_reference_DeepSimu\fast5/signal_5_e8b9c898-f6b4-49d2-84bf-66ab12167188.fast5,pseudomonas_koreensis
../Signals/full_dataset/pseudomonas_koreensis_reference_DeepSimu\fast5/signal_60_afcb15bd-118c-4590-8370-692375a43d34.fast5,pseudomonas_koreensis
../Signals/full_dataset/pseudomonas_koreensis_reference_DeepSimu\fast5/signal_61_0f7ea8af-f64f-4161-ac3b-8367b0922583.fast5,pseudomonas_koreensis
../Signals/full_dataset/pseudomonas_koreensis_reference_DeepSimu\fast5/signal_62_f777488d-e3d0-488a-bb56-b26162404e0b.fast5,pseudomonas_koreensis
../Signals/full_dataset/pseudomonas_koreensis_reference_DeepSimu\fast5/signal_63_10a2dec5-e0ff-4eae-9d9a-50e59b18f0d9.fast5,pseudomonas_koreensis
../Signals/full_dataset/pseudomonas_koreensis_reference_DeepSimu\fast5/signal_64_11d7c707-3007-4c0e-acd9-50f265d5f263.fast5,pseudomonas_koreensis
../Signals/full_dataset/pseudomonas_koreensis_reference_DeepSimu\fast5/signal_65_19560f2f-3205-4c26-a243-18ac3c3e5f98.fast5,pseudomonas_koreensis
../Signals/full_dataset/pseudomonas_koreensis_reference_DeepSimu\fast5/signal_66_9ade607a-34a4-4399-a1fd-4ee787e119df.fast5,pseudomonas_koreensis
../Signals/full_dataset/pseudomonas_koreensis_reference_DeepSimu\fast5/signal_67_77fe1921-f894-4fa5-94c4-55b48ef856f3.fast5,pseudomonas_koreensis
../Signals/full_dataset/pseudomonas_koreensis_reference_DeepSimu\fast5/signal_68_f5dfec15-5c1f-43e1-aa7c-1293b66ab9e7.fast5,pseudomonas_koreensis
../Signals/full_dataset/pseudomonas_koreensis_reference_DeepSimu\fast5/signal_69_159ca2c9-decc-4e5c-9fb0-b2aafc9245ca.fast5,pseudomonas_koreensis
../Signals/full_dataset/pseudomonas_koreensis_reference_DeepSimu\fast5/signal_6_e6784eeb-8746-4185-a3a4-90b3d216c09c.fast5,pseudomonas_koreensis
../Signals/full_dataset/pseudomonas_koreensis_reference_DeepSimu\fast5/signal_70_6bf527f2-8cae-42fd-8eff-45169b203de8.fast5,pseudomonas_koreensis
../Signals/full_dataset/pseudomonas_koreensis_reference_DeepSimu\fast5/signal_71_7b91492a-e984-4935-b15f-1ce7f36eb588.fast5,pseudomonas_koreensis
../Signals/full_dataset/pseudomonas_koreensis_reference_DeepSimu\fast5/signal_72_13d0ee4c-7e07-44f5-919b-87a99193cfd0.fast5,pseudomonas_koreensis
../Signals/full_dataset/pseudomonas_koreensis_reference_DeepSimu\fast5/signal_73_acbdc64b-c7f9-495a-ad0e-9771e69534b1.fast5,pseudomonas_koreensis
../Signals/full_dataset/pseudomonas_koreensis_reference_DeepSimu\fast5/signal_74_04ce1844-6f07-4e54-9af2-c1093d73c857.fast5,pseudomonas_koreensis
../Signals/full_dataset/pseudomonas_koreensis_reference_DeepSimu\fast5/signal_75_fa94ab63-df51-4c44-9fd2-b43407c567ea.fast5,pseudomonas_koreensis
../Signals/full_dataset/pseudomonas_koreensis_reference_DeepSimu\fast5/signal_76_f087fd28-023e-4346-b4f1-bde93a0191d5.fast5,pseudomonas_koreensis
../Signals/full_dataset/pseudomonas_koreensis_reference_DeepSimu\fast5/signal_77_94b17ff8-3c94-4b8f-9ee3-53d90f62bf9d.fast5,pseudomonas_koreensis
../Signals/full_dataset/pseudomonas_koreensis_reference_DeepSimu\fast5/signal_78_fe884b27-bf6c-4230-97af-243176f7c42a.fast5,pseudomonas_koreensis
../Signals/full_dataset/pseudomonas_koreensis_reference_DeepSimu\fast5/signal_79_26c3b09c-d504-4ff9-bedc-f5ce143aa9d9.fast5,pseudomonas_koreensis
../Signals/full_dataset/pseudomonas_koreensis_reference_DeepSimu\fast5/signal_7_8e9a078f-dce3-480c-9f1f-189f8520dc33.fast5,pseudomonas_koreensis
../Signals/full_dataset/pseudomonas_koreensis_reference_DeepSimu\fast5/signal_80_796a601f-3240-442d-8746-d386e7283d01.fast5,pseudomonas_koreensis
../Signals/full_dataset/pseudomonas_koreensis_reference_DeepSimu\fast5/signal_81_ca23ac6d-0a4f-43d1-9154-510e02db01b8.fast5,pseudomonas_koreensis
../Signals/full_dataset/pseudomonas_koreensis_reference_DeepSimu\fast5/signal_82_1600bd98-94b7-45f7-8a3d-4348f3efd0bb.fast5,pseudomonas_koreensis
../Signals/full_dataset/pseudomonas_koreensis_reference_DeepSimu\fast5/signal_83_4a9a1d2d-c180-4d8e-9b22-d0e9fc4e59a7.fast5,pseudomonas_koreensis
../Signals/full_dataset/pseudomonas_koreensis_reference_DeepSimu\fast5/signal_84_0427a889-1002-4a3c-92ee-51be23bd85f4.fast5,pseudomonas_koreensis
../Signals/full_dataset/pseudomonas_koreensis_reference_DeepSimu\fast5/signal_85_4ec4bf41-58fe-4c21-b9c5-b5f4ecb66e72.fast5,pseudomonas_koreensis
../Signals/full_dataset/pseudomonas_koreensis_reference_DeepSimu\fast5/signal_86_036a8058-5bb6-4915-9110-39d7847b970f.fast5,pseudomonas_koreensis
../Signals/full_dataset/pseudomonas_koreensis_reference_DeepSimu\fast5/signal_87_62b2a6d1-ed4c-45b6-9e4a-36cde9dab71d.fast5,pseudomonas_koreensis
../Signals/full_dataset/pseudomonas_koreensis_reference_DeepSimu\fast5/signal_88_4f8278ee-e1e9-4685-aab2-1a40494f8ef6.fast5,pseudomonas_koreensis
../Signals/full_dataset/pseudomonas_koreensis_reference_DeepSimu\fast5/signal_89_61a951f9-011d-431e-b3f2-cdf2c6a54361.fast5,pseudomonas_koreensis
../Signals/full_dataset/pseudomonas_koreensis_reference_DeepSimu\fast5/signal_8_a70fb587-6409-48c6-b4a8-9f90f1bf4227.fast5,pseudomonas_koreensis
../Signals/full_dataset/pseudomonas_koreensis_reference_DeepSimu\fast5/signal_90_d3cad51f-2f1a-42af-9f9b-754bf85d30ce.fast5,pseudomonas_koreensis
../Signals/full_dataset/pseudomonas_koreensis_reference_DeepSimu\fast5/signal_91_2508c328-526f-4250-a4f2-fcab35862d76.fast5,pseudomonas_koreensis
../Signals/full_dataset/pseudomonas_koreensis_reference_DeepSimu\fast5/signal_92_538a4b8a-6534-4f38-840d-a1aaccdc6dd2.fast5,pseudomonas_koreensis
../Signals/full_dataset/pseudomonas_koreensis_reference_DeepSimu\fast5/signal_93_39a6c016-8006-4b48-836d-258fcfa354db.fast5,pseudomonas_koreensis
../Signals/full_dataset/pseudomonas_koreensis_reference_DeepSimu\fast5/signal_94_7832ef57-29b7-4904-8f30-c819d73a8680.fast5,pseudomonas_koreensis
../Signals/full_dataset/pseudomonas_koreensis_reference_DeepSimu\fast5/signal_95_ecafee1b-df90-4931-8dbf-acb5fb1e3510.fast5,pseudomonas_koreensis
../Signals/full_dataset/pseudomonas_koreensis_reference_DeepSimu\fast5/signal_96_faf7886a-d525-490c-bceb-f49fc9f0bf0d.fast5,pseudomonas_koreensis
../Signals/full_dataset/pseudomonas_koreensis_reference_DeepSimu\fast5/signal_97_5d5c70a8-b575-4903-a151-b02ad9dd2037.fast5,pseudomonas_koreensis
../Signals/full_dataset/pseudomonas_koreensis_reference_DeepSimu\fast5/signal_98_7bb4fed5-dd6a-4a1b-b979-e00691d6ea09.fast5,pseudomonas_koreensis
../Signals/full_dataset/pseudomonas_koreensis_reference_DeepSimu\fast5/signal_99_98a4bd9a-0099-4f4a-a561-d2d2adfe02c7.fast5,pseudomonas_koreensis
../Signals/full_dataset/pseudomonas_koreensis_reference_DeepSimu\fast5/signal_9_99463241-15f8-46a0-a98d-84def94f0333.fast5,pseudomonas_koreensis
../Signals/full_dataset/yersinia_pestis_reference_DeepSimu\fast5/signal_0_b01fe6f8-4b7e-44a6-8c9c-978d3fc73ee9.fast5,yersinia_pestis
../Signals/full_dataset/yersinia_pestis_reference_DeepSimu\fast5/signal_100_9950d900-cb7c-4ce4-933d-1ff5bc55460b.fast5,yersinia_pestis
../Signals/full_dataset/yersinia_pestis_reference_DeepSimu\fast5/signal_101_77015c29-082f-4074-8045-e6878893b8ed.fast5,yersinia_pestis
../Signals/full_dataset/yersinia_pestis_reference_DeepSimu\fast5/signal_102_2fbbe862-2b88-40e5-89b2-32dfba84d586.fast5,yersinia_pestis
../Signals/full_dataset/yersinia_pestis_reference_DeepSimu\fast5/signal_103_a471a231-d4ab-4681-b071-b6c7bfe732c1.fast5,yersinia_pestis
../Signals/full_dataset/yersinia_pestis_reference_DeepSimu\fast5/signal_104_a795be60-1ac4-4ff9-bccf-87cf5f6aef13.fast5,yersinia_pestis
../Signals/full_dataset/yersinia_pestis_reference_DeepSimu\fast5/signal_105_cfd1c5ff-77c5-46eb-a0a6-c1516ccbf2bb.fast5,yersinia_pestis
../Signals/full_dataset/yersinia_pestis_reference_DeepSimu\fast5/signal_106_78b279e6-41c4-47f2-839b-2ff8cd9d06f9.fast5,yersinia_pestis
../Signals/full_dataset/yersinia_pestis_reference_DeepSimu\fast5/signal_107_af9143e2-e82d-4d26-8f9c-d436217090e4.fast5,yersinia_pestis
../Signals/full_dataset/yersinia_pestis_reference_DeepSimu\fast5/signal_108_3e67dc19-0d48-473e-a1c3-a53097f25c6b.fast5,yersinia_pestis
../Signals/full_dataset/yersinia_pestis_reference_DeepSimu\fast5/signal_109_e6b8069f-c511-41b7-bed4-44539facc705.fast5,yersinia_pestis
../Signals/full_dataset/yersinia_pestis_reference_DeepSimu\fast5/signal_10_e5eba87a-9bae-429b-aa0a-24dd281e6b55.fast5,yersinia_pestis
../Signals/full_dataset/yersinia_pestis_reference_DeepSimu\fast5/signal_110_a8f17a52-bf20-481f-b3fb-c8d6b59e2677.fast5,yersinia_pestis
../Signals/full_dataset/yersinia_pestis_reference_DeepSimu\fast5/signal_111_e95e9688-70f6-479b-908c-157fca8d1df4.fast5,yersinia_pestis
../Signals/full_dataset/yersinia_pestis_reference_DeepSimu\fast5/signal_112_7f12fef4-e5ac-4a55-9ddc-44643306de18.fast5,yersinia_pestis
../Signals/full_dataset/yersinia_pestis_reference_DeepSimu\fast5/signal_113_86605d83-d68a-41a1-b224-fb9df8b2ff8a.fast5,yersinia_pestis
../Signals/full_dataset/yersinia_pestis_reference_DeepSimu\fast5/signal_114_3bc2c918-49f8-4fed-aef3-3b3faa17afcd.fast5,yersinia_pestis
../Signals/full_dataset/yersinia_pestis_reference_DeepSimu\fast5/signal_115_6edd6b2f-e462-4552-9632-f602404658fb.fast5,yersinia_pestis
../Signals/full_dataset/yersinia_pestis_reference_DeepSimu\fast5/signal_116_d21acbe1-2c23-4257-a0cc-05f659cf7e11.fast5,yersinia_pestis
../Signals/full_dataset/yersinia_pestis_reference_DeepSimu\fast5/signal_117_667a7ee9-a4c8-411c-8f0d-02b14cfe2790.fast5,yersinia_pestis
../Signals/full_dataset/yersinia_pestis_reference_DeepSimu\fast5/signal_118_f6700f0e-379e-4198-beca-e9157fe955d8.fast5,yersinia_pestis
../Signals/full_dataset/yersinia_pestis_reference_DeepSimu\fast5/signal_119_da00fda6-89e7-40eb-939c-f3bfdab77319.fast5,yersinia_pestis
../Signals/full_dataset/yersinia_pestis_reference_DeepSimu\fast5/signal_11_26771ae3-b856-4af8-a630-4536db1bb91e.fast5,yersinia_pestis
../Signals/full_dataset/yersinia_pestis_reference_DeepSimu\fast5/signal_120_88c21abd-1bef-43db-85b1-bf520fdf4815.fast5,yersinia_pestis
../Signals/full_dataset/yersinia_pestis_reference_DeepSimu\fast5/signal_121_695ef4a8-0cf4-4391-9fb1-e21b2b06640f.fast5,yersinia_pestis
../Signals/full_dataset/yersinia_pestis_reference_DeepSimu\fast5/signal_122_79031b41-e0a4-4e00-aa31-147f08c6cbeb.fast5,yersinia_pestis
../Signals/full_dataset/yersinia_pestis_reference_DeepSimu\fast5/signal_123_88a31749-6463-49f1-94f1-f4e501dd08fe.fast5,yersinia_pestis
../Signals/full_dataset/yersinia_pestis_reference_DeepSimu\fast5/signal_124_5ad7bde3-1603-48cc-b219-313510c552f3.fast5,yersinia_pestis
../Signals/full_dataset/yersinia_pestis_reference_DeepSimu\fast5/signal_125_b9c61123-c709-4e81-87e8-b0d3e161c088.fast5,yersinia_pestis
../Signals/full_dataset/yersinia_pestis_reference_DeepSimu\fast5/signal_126_89417641-e8af-43e8-909c-fe3a8f39a0ea.fast5,yersinia_pestis
../Signals/full_dataset/yersinia_pestis_reference_DeepSimu\fast5/signal_127_63af45b9-d8f4-41e1-ad9b-674270feec8b.fast5,yersinia_pestis
../Signals/full_dataset/yersinia_pestis_reference_DeepSimu\fast5/signal_128_5ae65f6f-c627-46b9-81a7-02cac79b4d7e.fast5,yersinia_pestis
../Signals/full_dataset/yersinia_pestis_reference_DeepSimu\fast5/signal_129_8273b5f1-b1e0-42d1-9a31-767c9088e10a.fast5,yersinia_pestis
../Signals/full_dataset/yersinia_pestis_reference_DeepSimu\fast5/signal_12_16f7c85a-4786-4966-886c-0abcdaecb15a.fast5,yersinia_pestis
../Signals/full_dataset/yersinia_pestis_reference_DeepSimu\fast5/signal_130_258a3c66-5c17-4772-a445-f533cc861767.fast5,yersinia_pestis
../Signals/full_dataset/yersinia_pestis_reference_DeepSimu\fast5/signal_131_f877fd9c-4fe7-4301-ae95-44694e5a3846.fast5,yersinia_pestis
../Signals/full_dataset/yersinia_pestis_reference_DeepSimu\fast5/signal_132_2f65c06e-8288-4600-90a4-378fbf9b51ee.fast5,yersinia_pestis
../Signals/full_dataset/yersinia_pestis_reference_DeepSimu\fast5/signal_133_dfbbc289-42c6-4bde-9601-a69c5b054d32.fast5,yersinia_pestis
../Signals/full_dataset/yersinia_pestis_reference_DeepSimu\fast5/signal_134_d1a88995-fd91-44c0-8043-307cefb87962.fast5,yersinia_pestis
../Signals/full_dataset/yersinia_pestis_reference_DeepSimu\fast5/signal_135_b8225b72-d0ba-494c-a1a2-8fa3d9edfe21.fast5,yersinia_pestis
../Signals/full_dataset/yersinia_pestis_reference_DeepSimu\fast5/signal_136_658a5684-bd3b-4c48-966e-fd1e6940bbd9.fast5,yersinia_pestis
../Signals/full_dataset/yersinia_pestis_reference_DeepSimu\fast5/signal_137_d6e64894-10b4-4815-b140-2c4a53888cfd.fast5,yersinia_pestis
../Signals/full_dataset/yersinia_pestis_reference_DeepSimu\fast5/signal_138_47fa3bc1-d650-4357-91b8-bebeb9c2a55d.fast5,yersinia_pestis
../Signals/full_dataset/yersinia_pestis_reference_DeepSimu\fast5/signal_139_a8196a0b-6c65-4209-8136-9c264a09e4df.fast5,yersinia_pestis
../Signals/full_dataset/yersinia_pestis_reference_DeepSimu\fast5/signal_13_f91d347b-f797-4d9c-8f7c-acb5677a7f3a.fast5,yersinia_pestis
../Signals/full_dataset/yersinia_pestis_reference_DeepSimu\fast5/signal_140_360bd0f0-26c8-43f9-8ebe-cbe8fac72b81.fast5,yersinia_pestis
../Signals/full_dataset/yersinia_pestis_reference_DeepSimu\fast5/signal_141_fe766c81-1573-4244-a239-657a8f42661b.fast5,yersinia_pestis
../Signals/full_dataset/yersinia_pestis_reference_DeepSimu\fast5/signal_142_11d27966-e4af-4a55-a8fe-0d33923f78e0.fast5,yersinia_pestis
../Signals/full_dataset/yersinia_pestis_reference_DeepSimu\fast5/signal_143_ef4d8ba4-b75e-4ee9-8311-b05b3a7198d1.fast5,yersinia_pestis
../Signals/full_dataset/yersinia_pestis_reference_DeepSimu\fast5/signal_144_d3dda8d5-c7f0-45a5-bfa9-51adef34708d.fast5,yersinia_pestis
../Signals/full_dataset/yersinia_pestis_reference_DeepSimu\fast5/signal_145_96e4ea45-e650-4b7c-8977-7b8c1eda2eff.fast5,yersinia_pestis
../Signals/full_dataset/yersinia_pestis_reference_DeepSimu\fast5/signal_146_a6f933cb-772b-4e80-acb0-887087adee19.fast5,yersinia_pestis
../Signals/full_dataset/yersinia_pestis_reference_DeepSimu\fast5/signal_147_da3c1b21-5ce4-4556-9695-1e244522d113.fast5,yersinia_pestis
../Signals/full_dataset/yersinia_pestis_reference_DeepSimu\fast5/signal_148_899e4f52-9e33-448f-b845-2e38108b8975.fast5,yersinia_pestis
../Signals/full_dataset/yersinia_pestis_reference_DeepSimu\fast5/signal_149_0448e318-1078-4bb8-a65b-5738cf11c4a5.fast5,yersinia_pestis
../Signals/full_dataset/yersinia_pestis_reference_DeepSimu\fast5/signal_14_e631611b-df8d-4e22-955e-58b618f5887d.fast5,yersinia_pestis
../Signals/full_dataset/yersinia_pestis_reference_DeepSimu\fast5/signal_150_004ff063-5aef-4913-8bc1-7d9af8e7aaca.fast5,yersinia_pestis
../Signals/full_dataset/yersinia_pestis_reference_DeepSimu\fast5/signal_151_91d8e4b2-f246-4651-82b1-7ece20398612.fast5,yersinia_pestis
../Signals/full_dataset/yersinia_pestis_reference_DeepSimu\fast5/signal_152_03e91c9a-f77e-48b0-876b-39562e50fc98.fast5,yersinia_pestis
../Signals/full_dataset/yersinia_pestis_reference_DeepSimu\fast5/signal_153_5a762055-f76d-416f-8f46-15e52b9d80d8.fast5,yersinia_pestis
../Signals/full_dataset/yersinia_pestis_reference_DeepSimu\fast5/signal_154_795a727e-ebba-4d8e-9c7b-42cafc6d598e.fast5,yersinia_pestis
../Signals/full_dataset/yersinia_pestis_reference_DeepSimu\fast5/signal_155_4ae01928-15a7-4383-b0d1-33f632972471.fast5,yersinia_pestis
../Signals/full_dataset/yersinia_pestis_reference_DeepSimu\fast5/signal_156_c269a70a-d087-4e40-87d6-760d1c2be86e.fast5,yersinia_pestis
../Signals/full_dataset/yersinia_pestis_reference_DeepSimu\fast5/signal_157_395511fb-1c63-4bd5-b816-852aa8b11c2e.fast5,yersinia_pestis
../Signals/full_dataset/yersinia_pestis_reference_DeepSimu\fast5/signal_158_5b60b23e-e073-41a5-b31d-f20e8abd838f.fast5,yersinia_pestis
../Signals/full_dataset/yersinia_pestis_reference_DeepSimu\fast5/signal_159_7b6b8c70-8b1c-4563-9ee7-e8faf96c15af.fast5,yersinia_pestis
../Signals/full_dataset/yersinia_pestis_reference_DeepSimu\fast5/signal_15_249b3833-1b08-41aa-9e6f-0b5b5521b066.fast5,yersinia_pestis
../Signals/full_dataset/yersinia_pestis_reference_DeepSimu\fast5/signal_160_8fcea2a5-f611-484d-92a5-178d8bf3504f.fast5,yersinia_pestis
../Signals/full_dataset/yersinia_pestis_reference_DeepSimu\fast5/signal_161_25421503-584a-46f3-ba5d-7b991f9967b5.fast5,yersinia_pestis
../Signals/full_dataset/yersinia_pestis_reference_DeepSimu\fast5/signal_162_4704bbfe-6275-4ee9-a69f-975497e1c3ce.fast5,yersinia_pestis
../Signals/full_dataset/yersinia_pestis_reference_DeepSimu\fast5/signal_163_7a89aeef-5b32-40c9-a772-b1386f694fdd.fast5,yersinia_pestis
../Signals/full_dataset/yersinia_pestis_reference_DeepSimu\fast5/signal_164_75986539-07c2-4f64-85e6-6fd23cf5731b.fast5,yersinia_pestis
../Signals/full_dataset/yersinia_pestis_reference_DeepSimu\fast5/signal_165_eb5696ce-eee6-4e9e-91c5-e43145a01d29.fast5,yersinia_pestis
../Signals/full_dataset/yersinia_pestis_reference_DeepSimu\fast5/signal_166_675d7436-bc72-4be9-bfaf-f9e40e7247bd.fast5,yersinia_pestis
../Signals/full_dataset/yersinia_pestis_reference_DeepSimu\fast5/signal_167_c774c29d-f9c5-459d-acd4-6aad25e4565c.fast5,yersinia_pestis
../Signals/full_dataset/yersinia_pestis_reference_DeepSimu\fast5/signal_168_eccbd109-4d7b-47a7-93d8-0212ca0dab85.fast5,yersinia_pestis
../Signals/full_dataset/yersinia_pestis_reference_DeepSimu\fast5/signal_169_10f52bda-2b45-4133-8678-a01d794a1704.fast5,yersinia_pestis
../Signals/full_dataset/yersinia_pestis_reference_DeepSimu\fast5/signal_16_39063101-0015-4bd5-b4be-d5c991343757.fast5,yersinia_pestis
../Signals/full_dataset/yersinia_pestis_reference_DeepSimu\fast5/signal_170_4e0d9f13-e58a-4e00-9255-83dcc50a74ca.fast5,yersinia_pestis
../Signals/full_dataset/yersinia_pestis_reference_DeepSimu\fast5/signal_171_a401264a-7a86-4812-b579-45bf967b9011.fast5,yersinia_pestis
../Signals/full_dataset/yersinia_pestis_reference_DeepSimu\fast5/signal_172_4851a886-4585-406b-893f-7d4afcd5be5f.fast5,yersinia_pestis
../Signals/full_dataset/yersinia_pestis_reference_DeepSimu\fast5/signal_173_1c70e341-b346-4e44-84bc-ad80d4312934.fast5,yersinia_pestis
../Signals/full_dataset/yersinia_pestis_reference_DeepSimu\fast5/signal_174_38082cbf-44d4-41a3-9305-e1f8d8ed6a8d.fast5,yersinia_pestis
../Signals/full_dataset/yersinia_pestis_reference_DeepSimu\fast5/signal_175_0ec92edd-b7dd-4552-ae16-2b7ac2b1ef5b.fast5,yersinia_pestis
../Signals/full_dataset/yersinia_pestis_reference_DeepSimu\fast5/signal_176_d4cfc807-4d58-464e-a927-520e2c6d710e.fast5,yersinia_pestis
../Signals/full_dataset/yersinia_pestis_reference_DeepSimu\fast5/signal_177_07322f01-5cff-4264-baf7-221b006cfbd8.fast5,yersinia_pestis
../Signals/full_dataset/yersinia_pestis_reference_DeepSimu\fast5/signal_178_70e85107-36e9-47c8-8cf3-b9f2b2b0321a.fast5,yersinia_pestis
../Signals/full_dataset/yersinia_pestis_reference_DeepSimu\fast5/signal_179_9e903199-150b-4ba5-abaa-4ee2cc296539.fast5,yersinia_pestis
../Signals/full_dataset/yersinia_pestis_reference_DeepSimu\fast5/signal_17_b101ac96-9ef5-48f4-8e02-f7b553f1f984.fast5,yersinia_pestis
../Signals/full_dataset/yersinia_pestis_reference_DeepSimu\fast5/signal_180_bddd5a12-abe7-4dfa-9e4a-d9d6a9e1ab6f.fast5,yersinia_pestis
../Signals/full_dataset/yersinia_pestis_reference_DeepSimu\fast5/signal_181_20503d42-bba9-4d5e-a355-1ffdfc3f7bd0.fast5,yersinia_pestis
../Signals/full_dataset/yersinia_pestis_reference_DeepSimu\fast5/signal_182_479f05d8-8084-4732-9a71-a1cd7b1e2df1.fast5,yersinia_pestis
../Signals/full_dataset/yersinia_pestis_reference_DeepSimu\fast5/signal_183_c23d0dad-a6b7-4400-957c-7e4b325d88bf.fast5,yersinia_pestis
../Signals/full_dataset/yersinia_pestis_reference_DeepSimu\fast5/signal_184_16dc5a9e-78c3-4652-b172-fd2b78413a19.fast5,yersinia_pestis
../Signals/full_dataset/yersinia_pestis_reference_DeepSimu\fast5/signal_185_a7b0dd93-b6b2-49be-8407-05ce44454325.fast5,yersinia_pestis
../Signals/full_dataset/yersinia_pestis_reference_DeepSimu\fast5/signal_186_1a62cc43-94db-4fd9-adc0-2981e6d4a5f1.fast5,yersinia_pestis
../Signals/full_dataset/yersinia_pestis_reference_DeepSimu\fast5/signal_187_f726f81f-7403-4f2a-a24f-d2cad15b8fe2.fast5,yersinia_pestis
../Signals/full_dataset/yersinia_pestis_reference_DeepSimu\fast5/signal_188_6ca88f78-5609-4df3-9542-69f3020577a4.fast5,yersinia_pestis
../Signals/full_dataset/yersinia_pestis_reference_DeepSimu\fast5/signal_189_f94500c4-1579-4675-b05a-0334b98c3e89.fast5,yersinia_pestis
../Signals/full_dataset/yersinia_pestis_reference_DeepSimu\fast5/signal_18_1a8a46bc-5809-4ee4-af94-a5b0e1ecdceb.fast5,yersinia_pestis
